Birthday (MMDDYYYY),Birthday (MM/DD/YYYY),"Birthday (Month Day, Year)",FirstIdx,Count,Odds (by position),Padded,Odds (on this list out of all days from 1900 to 2024)
06071902,06/07/1902,"June 07, 1902",2500325,1,0.024693267721,True,0.000021902926
04101905,04/10/1905,"April 10, 1905",1311211,1,0.013026530779,True,0.000021902926
11241907,11/24/1907,"November 24, 1907",2246959,1,0.022219038937,True,0.000021902926
04121909,04/12/1909,"April 12, 1909",8508544,1,0.081566199903,True,0.000021902926
01121914,01/12/1914,"January 12, 1914",6318808,1,0.061233116176,True,0.000021902926
09121915,09/12/1915,"September 12, 1915",1392692,1,0.013830399095,True,0.000021902926
10101917,10/10/1917,"October 10, 1917",5409273,1,0.052655754791,True,0.000021902926
02121924,02/12/1924,"February 12, 1924",6153863,1,0.059683389376,True,0.000021902926
04111924,04/11/1924,"April 11, 1924",7770921,1,0.074766573913,True,0.000021902926
01121929,01/12/1929,"January 12, 1929",5027959,1,0.049036502547,True,0.000021902926
04161943,04/16/1943,"April 16, 1943",5831436,1,0.056646661724,True,0.000021902926
08021943,08/02/1943,"August 02, 1943",345096,1,0.003445022281,True,0.000021902926
03251944,03/25/1944,"March 25, 1944",3587847,1,0.035242476653,True,0.000021902926
09181946,09/18/1946,"September 18, 1946",4907791,1,0.047893061833,True,0.000021902926
09261947,09/26/1947,"September 26, 1947",3644474,1,0.035788635250,True,0.000021902926
12221947,12/22/1947,"December 22, 1947",4576468,1,0.044733280881,True,0.000021902926
01221956,01/22/1956,"January 22, 1956",6639032,1,0.064234464987,True,0.000021902926
09171958,09/17/1958,"September 17, 1958",820343,1,0.008169883690,True,0.000021902926
05211961,05/21/1961,"May 21, 1961",863675,1,0.008599570417,True,0.000021902926
11161961,11/16/1961,"November 16, 1961",3055878,1,0.030096590528,True,0.000021902926
06021964,06/02/1964,"June 02, 1964",3396506,1,0.033394732759,True,0.000021902926
02181967,02/18/1967,"February 18, 1967",9254648,1,0.088393171468,True,0.000021902926
08021967,08/02/1967,"August 02, 1967",7654117,1,0.073685232850,True,0.000021902926
01191971,01/19/1971,"January 19, 1971",8587322,1,0.082289438776,True,0.000021902926
07101976,07/10/1976,"July 10, 1976",9185509,1,0.087762677683,True,0.000021902926
12061976,12/06/1976,"December 06, 1976",9729127,1,0.092708309168,True,0.000021902926
02091977,02/09/1977,"February 09, 1977",7212867,1,0.069588837873,True,0.000021902926
08131978,08/13/1978,"August 13, 1978",9906449,1,0.094315711397,True,0.000021902926
10011978,10/01/1978,"October 01, 1978",7787673,1,0.074921556037,True,0.000021902926
02231979,02/23/1979,"February 23, 1979",7030567,1,0.067891151337,True,0.000021902926
03121982,03/12/1982,"March 12, 1982",8486058,1,0.081359657656,True,0.000021902926
04041982,04/04/1982,"April 04, 1982",967694,1,0.009630279081,True,0.000021902926
01271984,01/27/1984,"January 27, 1984",4127163,1,0.040431563025,True,0.000021902926
03231985,03/23/1985,"March 23, 1985",2223329,1,0.021987961993,True,0.000021902926
05031992,05/03/1992,"May 03, 1992",1131652,1,0.011252739044,True,0.000021902926
10191992,10/19/1992,"October 19, 1992",7229842,1,0.069746761766,True,0.000021902926
04241994,04/24/1994,"April 24, 1994",5715319,1,0.055550631902,True,0.000021902926
05311994,05/31/1994,"May 31, 1994",1661010,1,0.016472922902,True,0.000021902926
10271995,10/27/1995,"October 27, 1995",9773425,1,0.093110132239,True,0.000021902926
06031996,06/03/1996,"June 03, 1996",7218903,1,0.069644995797,True,0.000021902926
09221998,09/22/1998,"September 22, 1998",7457205,1,0.071859410856,True,0.000021902926
05202000,05/20/2000,"May 20, 2000",9657791,1,0.092060852654,True,0.000021902926
06122001,06/12/2001,"June 12, 2001",96745,1,0.000966992171,True,0.000021902926
12152002,12/15/2002,"December 15, 2002",343456,1,0.003428678645,True,0.000021902926
05092003,05/09/2003,"May 09, 2003",5449016,1,0.053032183012,True,0.000021902926
03302006,03/30/2006,"March 30, 2006",5993067,1,0.058170181601,True,0.000021902926
01032008,01/03/2008,"January 03, 2008",9519173,1,0.090801412851,True,0.000021902926
11132008,11/13/2008,"November 13, 2008",7808923,1,0.075118114323,True,0.000021902926
09202010,09/20/2010,"September 20, 2010",1644524,1,0.016310765260,True,0.000021902926
08072011,08/07/2011,"August 07, 2011",5336207,1,0.051963315300,True,0.000021902926
06232017,06/23/2017,"June 23, 2017",3379367,1,0.033229052083,True,0.000021902926
03312019,03/31/2019,"March 31, 2019",7119492,1,0.068719660708,True,0.000021902926
01042021,01/04/2021,"January 04, 2021",98562,1,0.000985144436,True,0.000021902926
12252023,12/25/2023,"December 25, 2023",9435629,1,0.090041514595,True,0.000021902926
