Birthday (MMDDYYYY),Birthday (MM/DD/YYYY),"Birthday (Month Day, Year)",e_digits_TotalCount,e_digits_FirstIdx,e_digits_Odds,e_digits_HasPadding,pi_digits_20241026_163411_TotalCount,pi_digits_20241026_163411_FirstIdx,pi_digits_20241026_163411_Odds,pi_digits_20241026_163411_HasPadding,BothHavePadding,Odds (calendar),e_digits_NoPrefix,e_digits_0,e_digits_00,e_digits_000,e_digits_0000,pi_digits_20241026_163411_NoPrefix,pi_digits_20241026_163411_0,pi_digits_20241026_163411_00,pi_digits_20241026_163411_000,pi_digits_20241026_163411_0000
07081900,07/08/1900,"July 08, 1900",1,7187830,0.069355796519,False,1,4417446,0.043212921169,False,False,0.000021902926,1,0,0,0,0,1,0,0,0,0
02261901,02/26/1901,"February 26, 1901",1,5392345,0.052495308456,False,1,4481563,0.043826187721,False,False,0.000021902926,1,0,0,0,0,1,0,0,0,0
06211901,06/21/1901,"June 21, 1901",1,1412244,0.014023127110,False,2,5272243,0.051356652723,False,False,0.000021902926,1,0,0,0,0,2,0,0,0,0
02211903,02/21/1903,"February 21, 1903",1,2785604,0.027471580013,False,1,3093746,0.030463736154,False,False,0.000021902926,1,0,0,0,0,1,0,0,0,0
11191909,11/19/1909,"November 19, 1909",1,3173386,0.031235567458,False,1,3581477,0.035180952103,False,False,0.000021902926,1,0,0,0,0,1,0,0,0,0
04241910,04/24/1910,"April 24, 1910",1,2230860,0.022061544852,False,1,9300959,0.088815184186,False,False,0.000021902926,1,0,0,0,0,1,0,0,0,0
12191910,12/19/1910,"December 19, 1910",1,8540146,0.081856333229,False,1,9958734,0.094789061294,True,False,0.000021902926,1,0,0,0,0,1,1,0,0,0
04131911,04/13/1911,"April 13, 1911",1,2490793,0.024600228774,False,1,3211353,0.031603308440,False,False,0.000021902926,1,0,0,0,0,1,0,0,0,0
05221911,05/22/1911,"May 22, 1911",1,9658258,0.092065029165,False,1,2453655,0.024237917530,False,False,0.000021902926,1,0,0,0,0,1,0,0,0,0
06211912,06/21/1912,"June 21, 1912",2,5426375,0.052817689450,False,1,6720165,0.064993306293,True,False,0.000021902926,2,0,0,0,0,1,1,0,0,0
09191914,09/19/1914,"September 19, 1914",1,4210020,0.041226236244,False,1,585207,0.005834920400,False,False,0.000021902926,1,0,0,0,0,1,0,0,0,0
05081915,05/08/1915,"May 08, 1915",1,5998760,0.058223732523,False,1,841148,0.008376143070,False,False,0.000021902926,1,0,0,0,0,1,0,0,0,0
04161916,04/16/1916,"April 16, 1916",1,9850294,0.093806918120,False,1,3176803,0.031268669574,False,False,0.000021902926,1,0,0,0,0,1,0,0,0,0
03231917,03/23/1917,"March 23, 1917",1,1178372,0.011714504696,False,1,8608653,0.082485110514,False,False,0.000021902926,1,0,0,0,0,1,0,0,0,0
12101918,12/10/1918,"December 10, 1918",1,3295448,0.032417339318,False,1,7133379,0.068848913450,False,False,0.000021902926,1,0,0,0,0,1,0,0,0,0
03041922,03/04/1922,"March 04, 1922",1,4628279,0.045228019099,False,1,7674193,0.073871116309,False,False,0.000021902926,1,0,0,0,0,1,0,0,0,0
12101922,12/10/1922,"December 10, 1922",1,7482094,0.072090322070,False,1,7411864,0.071438422209,False,False,0.000021902926,1,0,0,0,0,1,0,0,0,0
07301923,07/30/1923,"July 30, 1923",1,4380778,0.042862022149,False,1,5065372,0.049392153435,False,False,0.000021902926,1,0,0,0,0,1,0,0,0,0
02121924,02/12/1924,"February 12, 1924",2,1426614,0.014164801809,True,1,1182225,0.011752582603,False,False,0.000021902926,2,1,0,0,0,1,0,0,0,0
03111924,03/11/1924,"March 11, 1924",1,105217,0.001051556737,False,1,7002759,0.067631849197,True,False,0.000021902926,1,0,0,0,0,1,1,0,0,0
09241929,09/24/1929,"September 24, 1929",1,6375624,0.061766268806,False,1,514248,0.005129220445,True,False,0.000021902926,1,0,0,0,0,1,1,0,0,0
01311931,01/31/1931,"January 31, 1931",1,5616523,0.054617026444,False,1,4072117,0.039903146367,False,False,0.000021902926,1,0,0,0,0,1,0,0,0,0
07061933,07/06/1933,"July 06, 1933",1,2852691,0.028123801358,False,2,935880,0.009315083383,False,False,0.000021902926,1,0,0,0,0,2,0,0,0,0
09261933,09/26/1933,"September 26, 1933",1,9063505,0.086648968507,False,1,6454737,0.062508240129,False,False,0.000021902926,1,0,0,0,0,1,0,0,0,0
02071934,02/07/1934,"February 07, 1934",1,1274898,0.012667996905,False,1,9708749,0.092523338903,False,False,0.000021902926,1,0,0,0,0,1,0,0,0,0
06161934,06/16/1934,"June 16, 1934",1,9834381,0.093662704140,False,1,4193202,0.041064976111,True,False,0.000021902926,1,0,0,0,0,1,1,0,0,0
04191936,04/19/1936,"April 19, 1936",1,4402747,0.043072272698,False,1,5248519,0.051131569875,False,False,0.000021902926,1,0,0,0,0,1,0,0,0,0
09041936,09/04/1936,"September 04, 1936",1,9654947,0.092034966940,False,1,2833262,0.027934957185,False,False,0.000021902926,1,0,0,0,0,1,0,0,0,0
02091939,02/09/1939,"February 09, 1939",1,5495103,0.053468445263,False,1,4095907,0.040131526244,False,False,0.000021902926,1,0,0,0,0,1,0,0,0,0
06161940,06/16/1940,"June 16, 1940",1,1253467,0.012456379106,False,3,4133330,0.040490670621,False,False,0.000021902926,1,0,0,0,0,3,0,0,0,0
05301941,05/30/1941,"May 30, 1941",1,8918382,0.085322523821,False,1,7732133,0.074407559967,False,False,0.000021902926,1,0,0,0,0,1,0,0,0,0
04241945,04/24/1945,"April 24, 1945",1,5915595,0.057440178506,False,1,8339872,0.080015687611,False,False,0.000021902926,1,0,0,0,0,1,0,0,0,0
05191945,05/19/1945,"May 19, 1945",1,998670,0.009936939196,False,2,2983615,0.029395387977,False,False,0.000021902926,1,0,0,0,0,2,0,0,0,0
11151945,11/15/1945,"November 15, 1945",1,8064637,0.077480080926,False,1,1103878,0.010978017007,False,False,0.000021902926,1,0,0,0,0,1,0,0,0,0
10111946,10/11/1946,"October 11, 1946",1,1694628,0.016803440643,False,1,1284797,0.012765728064,False,False,0.000021902926,1,0,0,0,0,1,0,0,0,0
07241953,07/24/1953,"July 24, 1953",1,254751,0.002544208028,False,1,1247024,0.012392749620,False,False,0.000021902926,1,0,0,0,0,1,0,0,0,0
03061955,03/06/1955,"March 06, 1955",1,8496151,0.081452307050,False,1,1159130,0.011524320502,False,False,0.000021902926,1,0,0,0,0,1,0,0,0,0
10021955,10/02/1955,"October 02, 1955",1,5214980,0.050813275515,False,1,7354084,0.070901744293,False,False,0.000021902926,1,0,0,0,0,1,0,0,0,0
04301959,04/30/1959,"April 30, 1959",1,3770498,0.037002940221,False,1,2627035,0.025928228092,False,False,0.000021902926,1,0,0,0,0,1,0,0,0,0
07131959,07/13/1959,"July 13, 1959",1,2149946,0.021269935504,False,1,500585,0.004993281963,False,False,0.000021902926,1,0,0,0,0,1,0,0,0,0
02281963,02/28/1963,"February 28, 1963",1,2560131,0.025276317054,False,1,6803458,0.065771777175,False,False,0.000021902926,1,0,0,0,0,1,0,0,0,0
07011965,07/01/1965,"July 01, 1965",1,2457662,0.024277015533,False,1,3045828,0.029999042436,False,False,0.000021902926,1,0,0,0,0,1,0,0,0,0
09041965,09/04/1965,"September 04, 1965",1,4399768,0.043043765396,False,1,6290151,0.060963989464,False,False,0.000021902926,1,0,0,0,0,1,0,0,0,0
03291970,03/29/1970,"March 29, 1970",1,4483911,0.043848638419,False,1,5961228,0.057870198711,False,False,0.000021902926,1,0,0,0,0,1,0,0,0,0
02211971,02/21/1971,"February 21, 1971",1,7430220,0.071608853332,False,1,7880521,0.075780009563,False,False,0.000021902926,1,0,0,0,0,1,0,0,0,0
06271971,06/27/1971,"June 27, 1971",1,7681685,0.073940499286,False,1,5636964,0.054810252430,False,False,0.000021902926,1,0,0,0,0,1,0,0,0,0
02101972,02/10/1972,"February 10, 1972",1,2505355,0.024742256149,False,1,112076,0.001120072262,False,False,0.000021902926,1,0,0,0,0,1,0,0,0,0
08261974,08/26/1974,"August 26, 1974",1,7947491,0.076398752488,False,1,7995368,0.076840839224,False,False,0.000021902926,1,0,0,0,0,1,0,0,0,0
10161974,10/16/1974,"October 16, 1974",1,7546369,0.072686544390,False,1,280165,0.002797669237,False,False,0.000021902926,1,0,0,0,0,1,0,0,0,0
10211975,10/21/1975,"October 21, 1975",1,2950422,0.029073161710,False,1,8329342,0.079918808162,False,False,0.000021902926,1,0,0,0,0,1,0,0,0,0
06231976,06/23/1976,"June 23, 1976",1,4193473,0.041067574822,False,1,3402974,0.033457183109,False,False,0.000021902926,1,0,0,0,0,1,0,0,0,0
02221978,02/22/1978,"February 22, 1978",1,7603272,0.073214063470,False,1,3566033,0.035031933941,False,False,0.000021902926,1,0,0,0,0,1,0,0,0,0
05111978,05/11/1978,"May 11, 1978",1,3652836,0.035869191745,False,1,1405396,0.013955605101,False,False,0.000021902926,1,0,0,0,0,1,0,0,0,0
11301978,11/30/1978,"November 30, 1978",1,5926115,0.057539330585,False,1,5904916,0.057339517167,False,False,0.000021902926,1,0,0,0,0,1,0,0,0,0
10051979,10/05/1979,"October 05, 1979",1,9895519,0.094216651288,False,1,218905,0.002186595930,False,False,0.000021902926,1,0,0,0,0,1,0,0,0,0
07231980,07/23/1980,"July 23, 1980",1,6889043,0.066570994354,False,1,1372451,0.013630699255,False,False,0.000021902926,1,0,0,0,0,1,0,0,0,0
02031981,02/03/1981,"February 03, 1981",1,8430945,0.080853163518,False,1,9470025,0.090354386422,False,False,0.000021902926,1,0,0,0,0,1,0,0,0,0
12131982,12/13/1982,"December 13, 1982",1,5757060,0.055944706168,False,1,47527,0.000475097110,False,False,0.000021902926,1,0,0,0,0,1,0,0,0,0
01271984,01/27/1984,"January 27, 1984",1,4127164,0.040431505451,True,1,2994971,0.029505603580,False,False,0.000021902926,1,1,1,0,0,1,0,0,0,0
01021986,01/02/1986,"January 02, 1986",1,8835413,0.084563310145,False,1,9201855,0.087911715965,False,False,0.000021902926,1,0,0,0,0,1,0,0,0,0
05161986,05/16/1986,"May 16, 1986",1,1930621,0.019120980032,False,1,6755462,0.065323277370,False,False,0.000021902926,1,0,0,0,0,1,0,0,0,0
05141988,05/14/1988,"May 14, 1988",1,611919,0.006100446314,False,1,3387929,0.033311755801,False,False,0.000021902926,1,0,0,0,0,1,0,0,0,0
05121991,05/12/1991,"May 12, 1991",1,2575508,0.025426188793,False,1,3973003,0.038951084226,False,False,0.000021902926,1,0,0,0,0,1,0,0,0,0
05151991,05/15/1991,"May 15, 1991",1,3919481,0.038436573945,False,1,5168793,0.050374773381,True,False,0.000021902926,1,0,0,0,0,1,1,0,0,0
11191991,11/19/1991,"November 19, 1991",1,7920664,0.076150944741,False,1,8850189,0.084698565079,False,False,0.000021902926,1,0,0,0,0,1,0,0,0,0
01281993,01/28/1993,"January 28, 1993",1,827797,0.008243742529,False,1,3075535,0.030287157826,False,False,0.000021902926,1,0,0,0,0,1,0,0,0,0
04241994,04/24/1994,"April 24, 1994",1,5715320,0.055550575235,True,1,9158587,0.087516988213,False,False,0.000021902926,1,1,0,0,0,1,0,0,0,0
12061996,12/06/1996,"December 06, 1996",1,3371815,0.033155971105,False,1,7842505,0.075428591295,False,False,0.000021902926,1,0,0,0,0,1,0,0,0,0
07081998,07/08/1998,"July 08, 1998",1,9598531,0.091522584862,False,1,1828086,0.018114719922,False,False,0.000021902926,1,0,0,0,0,1,0,0,0,0
11081999,11/08/1999,"November 08, 1999",1,899053,0.008950176657,False,1,5185730,0.050535597787,False,False,0.000021902926,1,0,0,0,0,1,0,0,0,0
12031999,12/03/1999,"December 03, 1999",1,7324023,0.070622406080,False,1,9676686,0.092232328007,False,False,0.000021902926,1,0,0,0,0,1,0,0,0,0
03022001,03/02/2001,"March 02, 2001",1,9666442,0.092139331523,False,1,3713865,0.036457411631,False,False,0.000021902926,1,0,0,0,0,1,0,0,0,0
12202001,12/20/2001,"December 20, 2001",1,2256589,0.022313126273,False,1,6818806,0.065915151521,False,False,0.000021902926,1,0,0,0,0,1,0,0,0,0
09132003,09/13/2003,"September 13, 2003",1,5027719,0.049034153665,False,2,4947108,0.048267261520,False,False,0.000021902926,1,0,0,0,0,2,0,0,0,0
03272004,03/27/2004,"March 27, 2004",1,7344205,0.070809954141,False,1,5910339,0.057390636259,False,False,0.000021902926,1,0,0,0,0,1,0,0,0,0
12142006,12/14/2006,"December 14, 2006",1,8686251,0.083196807559,False,1,9556212,0.091138044940,True,False,0.000021902926,1,0,0,0,0,1,1,0,0,0
01082008,01/08/2008,"January 08, 2008",2,4409286,0.043134844157,False,1,5532373,0.053821151846,False,False,0.000021902926,2,0,0,0,0,1,0,0,0,0
08172008,08/17/2008,"August 17, 2008",1,1421668,0.014116041193,False,1,6151916,0.059665015410,False,False,0.000021902926,1,0,0,0,0,1,0,0,0,0
11042009,11/04/2009,"November 04, 2009",1,4586412,0.044828201019,False,1,2883061,0.028418915347,False,False,0.000021902926,1,0,0,0,0,1,0,0,0,0
06122010,06/12/2010,"June 12, 2010",1,3165955,0.031163575898,False,1,1970114,0.019508282103,False,False,0.000021902926,1,0,0,0,0,1,0,0,0,0
09202010,09/20/2010,"September 20, 2010",1,1644525,0.016310706239,True,1,9237203,0.088234063959,False,False,0.000021902926,1,1,0,0,0,1,0,0,0,0
02282012,02/28/2012,"February 28, 2012",1,2255569,0.022303153816,False,1,2250728,0.022255822366,False,False,0.000021902926,1,0,0,0,0,1,0,0,0,0
04132012,04/13/2012,"April 13, 2012",1,3468324,0.034088612504,False,1,2565420,0.025327868827,False,False,0.000021902926,1,0,0,0,0,1,0,0,0,0
03112015,03/11/2015,"March 11, 2015",1,8453362,0.081059185573,False,1,102545,0.001024864478,False,False,0.000021902926,1,0,0,0,0,1,0,0,0,0
02042018,02/04/2018,"February 04, 2018",1,3299233,0.032453961629,False,1,1727081,0.017122465656,False,False,0.000021902926,1,0,0,0,0,1,0,0,0,0
10142018,10/14/2018,"October 14, 2018",1,7256719,0.069996687234,False,2,6555904,0.063456192839,False,False,0.000021902926,1,0,0,0,0,2,0,0,0,0
09212019,09/21/2019,"September 21, 2019",1,8692067,0.083250127282,False,1,5384,0.000053778554,False,False,0.000021902926,1,0,0,0,0,1,0,0,0,0
09282020,09/28/2020,"September 28, 2020",1,8420393,0.080756170025,False,1,1296306,0.012879342319,False,False,0.000021902926,1,0,0,0,0,1,0,0,0,0
03272021,03/27/2021,"March 27, 2021",1,8105650,0.077858356448,False,1,5763189,0.056002565544,False,False,0.000021902926,1,0,0,0,0,1,0,0,0,0
12032021,12/03/2021,"December 03, 2021",1,9181048,0.087721918008,False,1,1606562,0.015937197375,False,False,0.000021902926,1,0,0,0,0,1,0,0,0,0
01222022,01/22/2022,"January 22, 2022",1,9064913,0.086661828399,False,1,7706602,0.074171216789,False,False,0.000021902926,1,0,0,0,0,1,0,0,0,0
04262022,04/26/2022,"April 26, 2022",1,218840,0.002185947352,False,1,5050887,0.049254447914,False,False,0.000021902926,1,0,0,0,0,1,0,0,0,0
