e_digits_Birthday (MMDDYYYY),e_digits_Birthday (MM/DD/YYYY),"e_digits_Birthday (Month Day, Year)",e_digits_FirstIdx,e_digits_Count,e_digits_Odds (by position),e_digits_Padded,pi_digits_20241026_163411_FirstIdx,pi_digits_20241026_163411_Count,pi_digits_20241026_163411_Odds (by position),pi_digits_20241026_163411_Padded,PaddedInEither,PaddedInBoth,Odds (on this list out of all days from 1900 to 2024)
12191910,12/19/1910,"December 19, 1910",8540146,1,0.081856397499,False,9958733,1,0.094789115607,True,True,False,0.000021902926
06211912,06/21/1912,"June 21, 1912",5426375,2,0.052817755753,False,6720164,1,0.064993362393,True,True,False,0.000021902926
02121924,02/12/1924,"February 12, 1924",6153863,1,0.059683389376,True,1182225,1,0.011752651781,False,True,False,0.000021902926
03111924,03/11/1924,"March 11, 1924",105217,1,0.001051626663,False,7002758,1,0.067631905139,True,True,False,0.000021902926
09241929,09/24/1929,"September 24, 1929",6375624,1,0.061766334483,False,514247,1,0.005129280137,True,True,False,0.000021902926
06161934,06/16/1934,"June 16, 1934",9834381,1,0.093662767583,False,4193201,1,0.041065033647,True,True,False,0.000021902926
01271984,01/27/1984,"January 27, 1984",4127163,1,0.040431563025,True,2994971,1,0.029505671515,False,True,False,0.000021902926
05151991,05/15/1991,"May 15, 1991",3919481,1,0.038436641254,False,5168792,1,0.050374830358,True,True,False,0.000021902926
04241994,04/24/1994,"April 24, 1994",5715319,1,0.055550631902,True,9158587,1,0.087517052086,False,True,False,0.000021902926
12142006,12/14/2006,"December 14, 2006",8686251,1,0.083196871735,False,9556211,1,0.091138099472,True,True,False,0.000021902926
09202010,09/20/2010,"September 20, 2010",1644524,1,0.016310765260,True,9237203,1,0.088234127783,False,True,False,0.000021902926
