e_digits_AND_pi_digits_20241026_163411_Birthday (MMDDYYYY),e_digits_AND_pi_digits_20241026_163411_Birthday (MM/DD/YYYY),"e_digits_AND_pi_digits_20241026_163411_Birthday (Month Day, Year)",e_digits_AND_pi_digits_20241026_163411_FirstIdx,e_digits_AND_pi_digits_20241026_163411_TotalCount,e_digits_AND_pi_digits_20241026_163411_Odds (by position),e_digits_AND_pi_digits_20241026_163411_HasPadding,e_digits_AND_pi_digits_20241026_163411_TopPatterns,e_digits_AND_pi_digits_20241026_163411_NoPadding,e_digits_AND_pi_digits_20241026_163411_Left1,e_digits_AND_pi_digits_20241026_163411_Right1,e_digits_AND_pi_digits_20241026_163411_Both1,e_digits_AND_pi_digits_20241026_163411_Left2,e_digits_AND_pi_digits_20241026_163411_Right2,e_digits_AND_pi_digits_20241026_163411_Both2,e_digits_AND_pi_digits_20241026_163411_Left3,e_digits_AND_pi_digits_20241026_163411_Right3,e_digits_AND_pi_digits_20241026_163411_Both3,e_digits_AND_pi_digits_20241026_163411_Left4,e_digits_AND_pi_digits_20241026_163411_Right4,e_digits_AND_pi_digits_20241026_163411_Both4,e_digits_AND_pi_digits_20241026_163411_Odds (on this list out of all days from 1900 to 2024)
05271900,05/27/1900,"May 27, 1900",6293034,1,0.060991061482,False,05271900: 1,1,0,0,0,0,0.000021902926
07081900,07/08/1900,"July 08, 1900",7187830,1,0.069355796519,True,07081900: 1; 070819000: 1,1,0,0,0,0,0.000021902926
02061901,02/06/1901,"February 06, 1901",3074967,1,0.030281649841,False,02061901: 1,1,0,0,0,0,0.000021902926
02261901,02/26/1901,"February 26, 1901",5392345,1,0.052495308456,True,02261901: 1,1,0,0,0,0,0.000021902926
06211901,06/21/1901,"June 21, 1901",1412244,1,0.014023127110,True,06211901: 1,1,0,0,0,0,0.000021902926
02051902,02/05/1902,"February 05, 1902",5285454,1,0.051481969719,False,02051902: 1,1,0,0,0,0,0.000021902926
02281902,02/28/1902,"February 28, 1902",2783734,1,0.027453393561,False,02281902: 1,1,0,0,0,0,0.000021902926
01291903,01/29/1903,"January 29, 1903",1048488,1,0.010430045978,False,01291903: 1,1,0,0,0,0,0.000021902926
02211903,02/21/1903,"February 21, 1903",2785604,1,0.027471580013,False,02211903: 1,1,0,0,0,0,0.000021902926
04241903,04/24/1903,"April 24, 1903",2137764,1,0.021150699344,False,04241903: 1,1,0,0,0,0,0.000021902926
09081903,09/08/1903,"September 08, 1903",5616118,1,0.054613197635,False,09081903: 1,1,0,0,0,0,0.000021902926
06201904,06/20/1904,"June 20, 1904",4568787,1,0.044659837151,False,06201904: 1,1,0,0,0,0,0.000021902926
07011904,07/01/1904,"July 01, 1904",2025886,1,0.020054969486,False,07011904: 1,1,0,0,0,0,0.000021902926
08291904,08/29/1904,"August 29, 1904",5907582,1,0.057364648161,False,08291904: 1,1,0,0,0,0,0.000021902926
05021905,05/02/1905,"May 02, 1905",8571922,1,0.082148036215,True,05021905: 1,1,0,0,0,0,0.000021902926
06301905,06/30/1905,"June 30, 1905",5747492,1,0.055854374635,False,06301905: 1,1,0,0,0,0,0.000021902926
01011906,01/01/1906,"January 01, 1906",9498798,1,0.090616081106,False,01011906: 1,1,0,0,0,0,0.000021902926
11051906,11/05/1906,"November 05, 1906",6694093,1,0.064749499564,False,11051906: 1,1,0,0,0,0,0.000021902926
03241908,03/24/1908,"March 24, 1908",9915240,1,0.094395263211,False,03241908: 1,1,0,0,0,0,0.000021902926
04271908,04/27/1908,"April 27, 1908",3695149,1,0.036277058121,False,04271908: 1,1,0,0,0,0,0.000021902926
10061908,10/06/1908,"October 06, 1908",4192789,1,0.041061015701,False,10061908: 1,1,0,0,0,0,0.000021902926
08121909,08/12/1909,"August 12, 1909",1149275,1,0.011426901423,False,08121909: 1,1,0,0,0,0,0.000021902926
11191909,11/19/1909,"November 19, 1909",3173386,1,0.031235567458,True,11191909: 1; 111919090: 1,1,0,0,0,0,0.000021902926
04241910,04/24/1910,"April 24, 1910",2230860,1,0.022061544852,True,04241910: 1; 042419100: 1,1,0,0,0,0,0.000021902926
06091910,06/09/1910,"June 09, 1910",4506613,1,0.044065679266,True,06091910: 1,1,0,0,0,0,0.000021902926
10241910,10/24/1910,"October 24, 1910",2809341,1,0.027702401690,False,10241910: 1,1,0,0,0,0,0.000021902926
12191910,12/19/1910,"December 19, 1910",8540146,1,0.081856333229,False,12191910: 1,1,0,0,0,0,0.000021902926
02111911,02/11/1911,"February 11, 1911",2976018,1,0.029321648343,False,02111911: 1,1,0,0,0,0,0.000021902926
04131911,04/13/1911,"April 13, 1911",2490793,1,0.024600228774,True,04131911: 1; 041319110: 1; 0413191100: 1,1,0,0,0,0,0.000021902926
04201911,04/20/1911,"April 20, 1911",1315659,1,0.013070361298,False,04201911: 1,1,0,0,0,0,0.000021902926
05221911,05/22/1911,"May 22, 1911",9658258,1,0.092065029165,False,05221911: 1,1,0,0,0,0,0.000021902926
10131911,10/13/1911,"October 13, 1911",7843979,1,0.075442219377,False,10131911: 1,1,0,0,0,0,0.000021902926
10211911,10/21/1911,"October 21, 1911",8611135,1,0.082507882952,False,10211911: 1,1,0,0,0,0,0.000021902926
10221911,10/22/1911,"October 22, 1911",7306944,1,0.070463664123,False,10221911: 1,1,0,0,0,0,0.000021902926
11091911,11/09/1911,"November 09, 1911",650051,1,0.006479367846,False,11091911: 1,1,0,0,0,0,0.000021902926
04101912,04/10/1912,"April 10, 1912",4002611,1,0.039235589472,False,04101912: 1,1,0,0,0,0,0.000021902926
04141912,04/14/1912,"April 14, 1912",2408669,1,0.023798862446,False,04141912: 1,1,0,0,0,0,0.000021902926
06031912,06/03/1912,"June 03, 1912",3042030,1,0.029962201099,True,06031912: 1,1,0,0,0,0,0.000021902926
06211912,06/21/1912,"June 21, 1912",5426375,2,0.052817689450,False,06211912: 2,2,0,0,0,0,0.000021902926
07061912,07/06/1912,"July 06, 1912",8491928,1,0.081413515961,False,07061912: 1,1,0,0,0,0,0.000021902926
11201912,11/20/1912,"November 20, 1912",8614417,2,0.082537994549,False,11201912: 2,2,0,0,0,0,0.000021902926
06051913,06/05/1913,"June 05, 1913",1556712,1,0.015446519772,True,06051913: 1,1,0,0,0,0,0.000021902926
07031913,07/03/1913,"July 03, 1913",8083402,1,0.077653175549,False,07031913: 1,1,0,0,0,0,0.000021902926
08061913,08/06/1913,"August 06, 1913",5473606,1,0.053264947501,False,08061913: 1,1,0,0,0,0,0.000021902926
09191914,09/19/1914,"September 19, 1914",4210020,1,0.041226236244,False,09191914: 1,1,0,0,0,0,0.000021902926
10161914,10/16/1914,"October 16, 1914",8517628,1,0.081649562357,False,10161914: 1,1,0,0,0,0,0.000021902926
11191914,11/19/1914,"November 19, 1914",6520755,1,0.063126949193,False,11191914: 1,1,0,0,0,0,0.000021902926
05051915,05/05/1915,"May 05, 1915",5231895,1,0.050973816873,False,05051915: 1,1,0,0,0,0,0.000021902926
05081915,05/08/1915,"May 08, 1915",5998760,1,0.058223732523,False,05081915: 1,1,0,0,0,0,0.000021902926
01271916,01/27/1916,"January 27, 1916",8391906,1,0.080494267730,False,01271916: 1,1,0,0,0,0,0.000021902926
04161916,04/16/1916,"April 16, 1916",9850294,1,0.093806918120,False,04161916: 1,1,0,0,0,0,0.000021902926
08261916,08/26/1916,"August 26, 1916",6372782,1,0.061739603825,False,08261916: 1,1,0,0,0,0,0.000021902926
09181916,09/18/1916,"September 18, 1916",5722820,1,0.055621406286,False,09181916: 1,1,0,0,0,0,0.000021902926
03231917,03/23/1917,"March 23, 1917",1178372,1,0.011714504696,False,03231917: 1,1,0,0,0,0,0.000021902926
12051917,12/05/1917,"December 05, 1917",5379210,1,0.052370845540,False,12051917: 1,1,0,0,0,0,0.000021902926
02111918,02/11/1918,"February 11, 1918",2198831,1,0.021748270774,False,02111918: 1,1,0,0,0,0,0.000021902926
03281918,03/28/1918,"March 28, 1918",6606910,1,0.063933764572,False,03281918: 1,1,0,0,0,0,0.000021902926
08311918,08/31/1918,"August 31, 1918",169981,1,0.001698306260,False,08311918: 1,1,0,0,0,0,0.000021902926
12101918,12/10/1918,"December 10, 1918",3295448,1,0.032417339318,False,12101918: 1,1,0,0,0,0,0.000021902926
12201918,12/20/1918,"December 20, 1918",3365079,1,0.033090842297,False,12201918: 1,1,0,0,0,0,0.000021902926
01021919,01/02/1919,"January 02, 1919",2769241,1,0.027312432165,True,01021919: 1,1,0,0,0,0,0.000021902926
06041919,06/04/1919,"June 04, 1919",5426514,1,0.052819006032,False,06041919: 1,1,0,0,0,0,0.000021902926
11071919,11/07/1919,"November 07, 1919",646101,1,0.006440123005,True,11071919: 1,1,0,0,0,0,0.000021902926
12081919,12/08/1919,"December 08, 1919",9058915,1,0.086607044732,True,12081919: 1,1,0,0,0,0,0.000021902926
08191920,08/19/1920,"August 19, 1920",9058917,1,0.086607063000,False,08191920: 1,1,0,0,0,0,0.000021902926
02191921,02/19/1921,"February 19, 1921",4159729,1,0.040743938060,True,02191921: 1,1,0,0,0,0,0.000021902926
03281921,03/28/1921,"March 28, 1921",4549973,1,0.044480082542,False,03281921: 1,1,0,0,0,0,0.000021902926
11251921,11/25/1921,"November 25, 1921",783848,2,0.007807779773,False,11251921: 2,2,0,0,0,0,0.000021902926
03041922,03/04/1922,"March 04, 1922",4628279,1,0.045228019099,False,03041922: 1,1,0,0,0,0,0.000021902926
05051922,05/05/1922,"May 05, 1922",2189630,1,0.021658257691,False,05051922: 1,1,0,0,0,0,0.000021902926
09091922,09/09/1922,"September 09, 1922",335597,1,0.003350285261,False,09091922: 1,1,0,0,0,0,0.000021902926
12101922,12/10/1922,"December 10, 1922",7482094,1,0.072090322070,True,12101922: 1; 121019220: 1,1,0,0,0,0,0.000021902926
02161923,02/16/1923,"February 16, 1923",1052085,1,0.010465640170,False,02161923: 1,1,0,0,0,0,0.000021902926
07301923,07/30/1923,"July 30, 1923",4380778,1,0.042862022149,True,07301923: 1; 073019230: 1,1,0,0,0,0,0.000021902926
02121924,02/12/1924,"February 12, 1924",1426614,2,0.014164801809,True,02121924: 2; 0021219240: 1; 021219240: 1,2,1,0,0,0,0.000021902926
03111924,03/11/1924,"March 11, 1924",105217,1,0.001051556737,False,03111924: 1,1,0,0,0,0,0.000021902926
03201924,03/20/1924,"March 20, 1924",4240530,1,0.041518713503,False,03201924: 1,1,0,0,0,0,0.000021902926
09061924,09/06/1924,"September 06, 1924",6102184,1,0.059197251707,False,09061924: 1,1,0,0,0,0,0.000021902926
03071926,03/07/1926,"March 07, 1926",4376582,1,0.042821859797,False,03071926: 1,1,0,0,0,0,0.000021902926
03191926,03/19/1926,"March 19, 1926",8218141,1,0.078895099584,False,03191926: 1,1,0,0,0,0,0.000021902926
08311926,08/31/1926,"August 31, 1926",9002928,1,0.086095520233,False,08311926: 1,1,0,0,0,0,0.000021902926
10191926,10/19/1926,"October 19, 1926",8340038,1,0.080017214784,False,10191926: 1,1,0,0,0,0,0.000021902926
12071926,12/07/1926,"December 07, 1926",1235468,1,0.012278615131,False,12071926: 1,1,0,0,0,0,0.000021902926
03071927,03/07/1927,"March 07, 1927",6057727,1,0.058778906039,False,03071927: 1,1,0,0,0,0,0.000021902926
01161928,01/16/1928,"January 16, 1928",5368,1,0.000053618563,False,01161928: 1,1,0,0,0,0,0.000021902926
01311928,01/31/1928,"January 31, 1928",4081266,1,0.039990981611,True,01311928: 1,1,0,0,0,0,0.000021902926
05231928,05/23/1928,"May 23, 1928",8676409,1,0.083106571347,True,05231928: 1,1,0,0,0,0,0.000021902926
06111928,06/11/1928,"June 11, 1928",2483376,1,0.024527880689,False,06111928: 1,1,0,0,0,0,0.000021902926
07251928,07/25/1928,"July 25, 1928",5211526,1,0.050780490039,False,07251928: 1,1,0,0,0,0,0.000021902926
11141928,11/14/1928,"November 14, 1928",9522244,1,0.090829270269,False,11141928: 1,1,0,0,0,0,0.000021902926
09241929,09/24/1929,"September 24, 1929",6375624,1,0.061766268806,False,09241929: 1,1,0,0,0,0,0.000021902926
08131930,08/13/1930,"August 13, 1930",5990716,1,0.058147972992,True,08131930: 1,1,0,0,0,0,0.000021902926
11301930,11/30/1930,"November 30, 1930",4742809,1,0.046320893505,True,11301930: 1,1,0,0,0,0,0.000021902926
01311931,01/31/1931,"January 31, 1931",5616523,1,0.054617026444,False,01311931: 1,1,0,0,0,0,0.000021902926
06011931,06/01/1931,"June 01, 1931",6456698,1,0.062526624162,False,06011931: 1,1,0,0,0,0,0.000021902926
07111931,07/11/1931,"July 11, 1931",7513075,1,0.072377753244,False,07111931: 1,1,0,0,0,0,0.000021902926
07301931,07/30/1931,"July 30, 1931",1326379,1,0.013176154485,False,07301931: 1,1,0,0,0,0,0.000021902926
05111932,05/11/1932,"May 11, 1932",5374859,1,0.052329613298,False,05111932: 1,1,0,0,0,0,0.000021902926
10151932,10/15/1932,"October 15, 1932",60880,1,0.000608554761,False,10151932: 1,1,0,0,0,0,0.000021902926
04091933,04/09/1933,"April 09, 1933",1576092,1,0.015637307751,True,04091933: 1,1,0,0,0,0,0.000021902926
07061933,07/06/1933,"July 06, 1933",2852691,1,0.028123801358,True,07061933: 1; 070619330: 1,1,0,0,0,0,0.000021902926
07131933,07/13/1933,"July 13, 1933",9099452,1,0.086977231801,True,07131933: 1,1,0,0,0,0,0.000021902926
07291933,07/29/1933,"July 29, 1933",9894152,1,0.094204269145,False,07291933: 1,1,0,0,0,0,0.000021902926
09141933,09/14/1933,"September 14, 1933",519504,1,0.005181509480,True,09141933: 1,1,0,0,0,0,0.000021902926
09261933,09/26/1933,"September 26, 1933",9063505,1,0.086648968507,False,09261933: 1,1,0,0,0,0,0.000021902926
12201933,12/20/1933,"December 20, 1933",4759791,1,0.046482833542,False,12201933: 1,1,0,0,0,0,0.000021902926
02071934,02/07/1934,"February 07, 1934",1274898,1,0.012667996905,True,02071934: 1; 020719340: 1,1,0,0,0,0,0.000021902926
02161934,02/16/1934,"February 16, 1934",2248562,1,0.022234644197,False,02161934: 1,1,0,0,0,0,0.000021902926
06151934,06/15/1934,"June 15, 1934",5086959,1,0.049597339006,False,06151934: 1,1,0,0,0,0,0.000021902926
06161934,06/16/1934,"June 16, 1934",9834381,1,0.093662704140,False,06161934: 1,1,0,0,0,0,0.000021902926
10091934,10/09/1934,"October 09, 1934",3383921,1,0.033273010159,False,10091934: 1,1,0,0,0,0,0.000021902926
06041935,06/04/1935,"June 04, 1935",9825344,1,0.093580794736,False,06041935: 1,1,0,0,0,0,0.000021902926
02171936,02/17/1936,"February 17, 1936",3521728,1,0.034604310113,False,02171936: 1,1,0,0,0,0,0.000021902926
03181936,03/18/1936,"March 18, 1936",4217432,1,0.041297297923,False,03181936: 1,1,0,0,0,0,0.000021902926
03291936,03/29/1936,"March 29, 1936",3010971,1,0.029660870263,True,03291936: 1,1,0,0,0,0,0.000021902926
04191936,04/19/1936,"April 19, 1936",4402747,1,0.043072272698,True,04191936: 1; 041919360: 1,1,0,0,0,0,0.000021902926
07091936,07/09/1936,"July 09, 1936",5322511,1,0.051833396931,False,07091936: 1,1,0,0,0,0,0.000021902926
08201936,08/20/1936,"August 20, 1936",4675896,1,0.045682544653,False,08201936: 1,1,0,0,0,0,0.000021902926
09041936,09/04/1936,"September 04, 1936",9654947,1,0.092034966940,True,09041936: 1; 090419360: 1; 0904193600: 1,1,0,0,0,0,0.000021902926
09261936,09/26/1936,"September 26, 1936",2037213,1,0.020165961575,False,09261936: 1,1,0,0,0,0,0.000021902926
02091939,02/09/1939,"February 09, 1939",5495103,1,0.053468445263,False,02091939: 1,1,0,0,0,0,0.000021902926
03131939,03/13/1939,"March 13, 1939",3485492,1,0.034254425939,False,03131939: 1,1,0,0,0,0,0.000021902926
12021939,12/02/1939,"December 02, 1939",689838,1,0.006874581277,False,12021939: 1,1,0,0,0,0,0.000021902926
03221940,03/22/1940,"March 22, 1940",5381228,2,0.052389968504,False,03221940: 2,2,0,0,0,0,0.000021902926
04171940,04/17/1940,"April 17, 1940",4966852,1,0.048455153085,False,04171940: 1,1,0,0,0,0,0.000021902926
06161940,06/16/1940,"June 16, 1940",1253467,1,0.012456379106,False,06161940: 1,1,0,0,0,0,0.000021902926
10301940,10/30/1940,"October 30, 1940",7731056,1,0.074397591282,False,10301940: 1,1,0,0,0,0,0.000021902926
03121941,03/12/1941,"March 12, 1941",3465059,1,0.034057074982,False,03121941: 1,1,0,0,0,0,0.000021902926
03261941,03/26/1941,"March 26, 1941",3445841,1,0.033871422230,False,03261941: 1,1,0,0,0,0,0.000021902926
05301941,05/30/1941,"May 30, 1941",8918382,1,0.085322523821,False,05301941: 1,1,0,0,0,0,0.000021902926
09091941,09/09/1941,"September 09, 1941",2316382,1,0.022897539855,False,09091941: 1,1,0,0,0,0,0.000021902926
01071942,01/07/1942,"January 07, 1942",1473208,1,0.014624034870,True,01071942: 1,1,0,0,0,0,0.000021902926
07021943,07/02/1943,"July 02, 1943",1733211,1,0.017182714203,False,07021943: 1,1,0,0,0,0,0.000021902926
07271943,07/27/1943,"July 27, 1943",9504717,1,0.090669905948,False,07271943: 1,1,0,0,0,0,0.000021902926
08131943,08/13/1943,"August 13, 1943",4559820,1,0.044574167957,False,08131943: 1,1,0,0,0,0,0.000021902926
10101943,10/10/1943,"October 10, 1943",583164,1,0.005814609400,False,10101943: 1,1,0,0,0,0,0.000021902926
06291944,06/29/1944,"June 29, 1944",8232796,1,0.079030077618,False,06291944: 1,1,0,0,0,0,0.000021902926
04031945,04/03/1945,"April 03, 1945",4542836,1,0.044411884652,True,04031945: 1,1,0,0,0,0,0.000021902926
04241945,04/24/1945,"April 24, 1945",5915595,1,0.057440178506,False,04241945: 1,1,0,0,0,0,0.000021902926
05191945,05/19/1945,"May 19, 1945",998670,1,0.009936939196,True,05191945: 1; 051919450: 1,1,0,0,0,0,0.000021902926
09021945,09/02/1945,"September 02, 1945",2207474,1,0.021832817418,False,09021945: 1,1,0,0,0,0,0.000021902926
11151945,11/15/1945,"November 15, 1945",8064637,1,0.077480080926,False,11151945: 1,1,0,0,0,0,0.000021902926
12301945,12/30/1945,"December 30, 1945",9368932,1,0.089434333396,False,12301945: 1,1,0,0,0,0,0.000021902926
07111946,07/11/1946,"July 11, 1946",5509394,1,0.053603704424,True,07111946: 1,1,0,0,0,0,0.000021902926
10111946,10/11/1946,"October 11, 1946",1694628,1,0.016803440643,False,10111946: 1,1,0,0,0,0,0.000021902926
07131948,07/13/1948,"July 13, 1948",5877911,1,0.057084917325,True,07131948: 1,1,0,0,0,0,0.000021902926
08111948,08/11/1948,"August 11, 1948",1586861,1,0.015743308062,False,08111948: 1,1,0,0,0,0,0.000021902926
01061949,01/06/1949,"January 06, 1949",4026416,1,0.039464272222,False,01061949: 1,1,0,0,0,0,0.000021902926
03051950,03/05/1950,"March 05, 1950",2053092,1,0.020321537071,False,03051950: 1,1,0,0,0,0,0.000021902926
03311950,03/31/1950,"March 31, 1950",8067740,1,0.077508706275,False,03311950: 1,1,0,0,0,0,0.000021902926
11071950,11/07/1950,"November 07, 1950",104949,1,0.001048879551,False,11071950: 1,1,0,0,0,0,0.000021902926
11301950,11/30/1950,"November 30, 1950",2989959,1,0.029456961182,False,11301950: 1,1,0,0,0,0,0.000021902926
12151950,12/15/1950,"December 15, 1950",3866317,1,0.037925232447,False,12151950: 1,1,0,0,0,0,0.000021902926
05131951,05/13/1951,"May 13, 1951",4526574,1,0.044256474275,True,05131951: 1,1,0,0,0,0,0.000021902926
08211952,08/21/1952,"August 21, 1952",7311860,1,0.070509359007,False,08211952: 1,1,0,0,0,0,0.000021902926
10051952,10/05/1952,"October 05, 1952",1903146,1,0.018851446493,False,10051952: 1,1,0,0,0,0,0.000021902926
05071953,05/07/1953,"May 07, 1953",2038716,1,0.020180688370,False,05071953: 1,1,0,0,0,0,0.000021902926
07241953,07/24/1953,"July 24, 1953",254751,1,0.002544208028,True,07241953: 1; 072419530: 1,1,0,0,0,0,0.000021902926
10271953,10/27/1953,"October 27, 1953",1504294,1,0.014930301240,False,10271953: 1,1,0,0,0,0,0.000021902926
11191953,11/19/1953,"November 19, 1953",691311,1,0.006889209906,False,11191953: 1,1,0,0,0,0,0.000021902926
01261954,01/26/1954,"January 26, 1954",7786113,1,0.074907059944,False,01261954: 1,1,0,0,0,0,0.000021902926
05251954,05/25/1954,"May 25, 1954",6402410,1,0.062017550440,False,05251954: 1,1,0,0,0,0,0.000021902926
05291954,05/29/1954,"May 29, 1954",7431621,1,0.071621860001,True,05291954: 1,1,0,0,0,0,0.000021902926
10041954,10/04/1954,"October 04, 1954",2017932,1,0.019977021558,False,10041954: 1,1,0,0,0,0,0.000021902926
01251955,01/25/1955,"January 25, 1955",7428148,1,0.071589616867,False,01251955: 1,1,0,0,0,0,0.000021902926
03031955,03/03/1955,"March 03, 1955",6712673,1,0.064923252966,False,03031955: 1,1,0,0,0,0,0.000021902926
03061955,03/06/1955,"March 06, 1955",8496151,1,0.081452307050,False,03061955: 1,1,0,0,0,0,0.000021902926
10021955,10/02/1955,"October 02, 1955",5214980,1,0.050813275515,True,10021955: 1; 100219550: 1,1,0,0,0,0,0.000021902926
11171955,11/17/1955,"November 17, 1955",4935239,1,0.048154293657,False,11171955: 1,1,0,0,0,0,0.000021902926
01241956,01/24/1956,"January 24, 1956",499162,1,0.004979122916,False,01241956: 1,1,0,0,0,0,0.000021902926
05141956,05/14/1956,"May 14, 1956",31519,1,0.000315080355,False,05141956: 1,1,0,0,0,0,0.000021902926
06131956,06/13/1956,"June 13, 1956",8375093,1,0.080339658233,False,06131956: 1,1,0,0,0,0,0.000021902926
05231957,05/23/1957,"May 23, 1957",2718386,1,0.026817646097,False,05231957: 1,1,0,0,0,0,0.000021902926
09051958,09/05/1958,"September 05, 1958",1102599,1,0.010965367334,False,09051958: 1,1,0,0,0,0,0.000021902926
02141959,02/14/1959,"February 14, 1959",13690,1,0.000136830639,True,02141959: 1,1,0,0,0,0,0.000021902926
02191959,02/19/1959,"February 19, 1959",9988284,1,0.095056511611,False,02191959: 1,1,0,0,0,0,0.000021902926
04301959,04/30/1959,"April 30, 1959",3770498,1,0.037002940221,True,04301959: 1; 043019590: 1,1,0,0,0,0,0.000021902926
06131959,06/13/1959,"June 13, 1959",2466070,1,0.024359050874,False,06131959: 1,1,0,0,0,0,0.000021902926
07131959,07/13/1959,"July 13, 1959",2149946,1,0.021269935504,False,07131959: 1,1,0,0,0,0,0.000021902926
04061960,04/06/1960,"April 06, 1960",1018332,2,0.010131586260,False,04061960: 2,2,0,0,0,0,0.000021902926
06131960,06/13/1960,"June 13, 1960",5496663,1,0.053483211041,False,06131960: 1,1,0,0,0,0,0.000021902926
08261960,08/26/1960,"August 26, 1960",4629871,1,0.045243218948,False,08261960: 1,1,0,0,0,0,0.000021902926
09281960,09/28/1960,"September 28, 1960",3081089,1,0.030341014182,False,09281960: 1,1,0,0,0,0,0.000021902926
11191960,11/19/1960,"November 19, 1960",3578507,1,0.035152296552,False,11191960: 1,1,0,0,0,0,0.000021902926
03281961,03/28/1961,"March 28, 1961",9359138,1,0.089345148227,False,03281961: 1,1,0,0,0,0,0.000021902926
07311961,07/31/1961,"July 31, 1961",8209032,1,0.078811192316,False,07311961: 1,1,0,0,0,0,0.000021902926
12271962,12/27/1962,"December 27, 1962",5732916,1,0.055716745937,False,12271962: 1,1,0,0,0,0,0.000021902926
02121963,02/12/1963,"February 12, 1963",2745749,1,0.027083901558,False,02121963: 1,1,0,0,0,0,0.000021902926
02131963,02/13/1963,"February 13, 1963",1324059,1,0.013153259906,False,02131963: 1,1,0,0,0,0,0.000021902926
02281963,02/28/1963,"February 28, 1963",2560131,1,0.025276317054,True,02281963: 1; 022819630: 1,1,0,0,0,0,0.000021902926
04231963,04/23/1963,"April 23, 1963",4534705,1,0.044334182622,False,04231963: 1,1,0,0,0,0,0.000021902926
11131963,11/13/1963,"November 13, 1963",2044134,1,0.020233773543,False,11131963: 1,1,0,0,0,0,0.000021902926
12251963,12/25/1963,"December 25, 1963",5361755,1,0.052205422433,False,12251963: 1,1,0,0,0,0,0.000021902926
06251964,06/25/1964,"June 25, 1964",921403,1,0.009171651544,False,06251964: 1,1,0,0,0,0,0.000021902926
08191964,08/19/1964,"August 19, 1964",2368748,1,0.023409075387,False,08191964: 1,1,0,0,0,0,0.000021902926
12071964,12/07/1964,"December 07, 1964",1867900,1,0.018505569920,False,12071964: 1,1,0,0,0,0,0.000021902926
02221965,02/22/1965,"February 22, 1965",1168240,1,0.011614366536,False,02221965: 1,1,0,0,0,0,0.000021902926
05121965,05/12/1965,"May 12, 1965",1659087,1,0.016453940646,False,05121965: 1,1,0,0,0,0,0.000021902926
07011965,07/01/1965,"July 01, 1965",2457662,1,0.024277015533,True,07011965: 1; 070119650: 1,1,0,0,0,0,0.000021902926
07051965,07/05/1965,"July 05, 1965",805591,2,0.008023488678,True,07051965: 2,2,0,0,0,0,0.000021902926
09041965,09/04/1965,"September 04, 1965",4399768,1,0.043043765396,False,09041965: 1,1,0,0,0,0,0.000021902926
05151966,05/15/1966,"May 15, 1966",1084125,1,0.010782636196,False,05151966: 1,1,0,0,0,0,0.000021902926
06161966,06/16/1966,"June 16, 1966",8949758,1,0.085609468010,False,06161966: 1,1,0,0,0,0,0.000021902926
09221966,09/22/1966,"September 22, 1966",4768968,1,0.046570333798,False,09221966: 1,1,0,0,0,0,0.000021902926
06191967,06/19/1967,"June 19, 1967",7418736,1,0.071502230769,False,06191967: 1,1,0,0,0,0,0.000021902926
03101968,03/10/1968,"March 10, 1968",5550456,1,0.053992233900,False,03101968: 1,1,0,0,0,0,0.000021902926
08291969,08/29/1969,"August 29, 1969",5060130,1,0.049342321265,False,08291969: 1,1,0,0,0,0,0.000021902926
01071970,01/07/1970,"January 07, 1970",8509551,1,0.081575384196,False,01071970: 1,1,0,0,0,0,0.000021902926
03291970,03/29/1970,"March 29, 1970",4483911,1,0.043848638419,False,03291970: 1,1,0,0,0,0,0.000021902926
12171970,12/17/1970,"December 17, 1970",5806513,1,0.056411454417,False,12171970: 1,1,0,0,0,0,0.000021902926
02111971,02/11/1971,"February 11, 1971",7849605,1,0.075494233535,False,02111971: 1,1,0,0,0,0,0.000021902926
02211971,02/21/1971,"February 21, 1971",7430220,1,0.071608853332,True,02211971: 1,1,0,0,0,0,0.000021902926
06271971,06/27/1971,"June 27, 1971",7681685,1,0.073940499286,True,06271971: 1; 062719710: 1,1,0,0,0,0,0.000021902926
11291971,11/29/1971,"November 29, 1971",8442607,1,0.080960348173,True,11291971: 1,1,0,0,0,0,0.000021902926
12031971,12/03/1971,"December 03, 1971",7372071,1,0.071068846169,False,12031971: 1,1,0,0,0,0,0.000021902926
02101972,02/10/1972,"February 10, 1972",2505355,1,0.024742256149,False,02101972: 1,1,0,0,0,0,0.000021902926
07261972,07/26/1972,"July 26, 1972",4711336,1,0.046020694839,False,07261972: 1,1,0,0,0,0,0.000021902926
06171973,06/17/1973,"June 17, 1973",8714695,1,0.083457545977,False,06171973: 1,1,0,0,0,0,0.000021902926
05241974,05/24/1974,"May 24, 1974",9278831,1,0.088613534898,False,05241974: 1,1,0,0,0,0,0.000021902926
07151974,07/15/1974,"July 15, 1974",3665121,1,0.035987627941,False,07151974: 1,1,0,0,0,0,0.000021902926
07311974,07/31/1974,"July 31, 1974",7782522,1,0.074873839259,False,07311974: 1,1,0,0,0,0,0.000021902926
08261974,08/26/1974,"August 26, 1974",7947491,1,0.076398752488,False,08261974: 1,1,0,0,0,0,0.000021902926
10021974,10/02/1974,"October 02, 1974",8689252,1,0.083224320410,False,10021974: 1,1,0,0,0,0,0.000021902926
10161974,10/16/1974,"October 16, 1974",7546369,1,0.072686544390,False,10161974: 1,1,0,0,0,0,0.000021902926
12051974,12/05/1974,"December 05, 1974",1078756,1,0.010729523690,False,12051974: 1,1,0,0,0,0,0.000021902926
03251975,03/25/1975,"March 25, 1975",4760071,2,0.046485503386,True,03251975: 2,2,0,0,0,0,0.000021902926
10211975,10/21/1975,"October 21, 1975",2950422,1,0.029073161710,True,10211975: 1; 102119750: 1,1,0,0,0,0,0.000021902926
01031976,01/03/1976,"January 03, 1976",2753703,2,0.027161284227,False,01031976: 2,2,0,0,0,0,0.000021902926
02251976,02/25/1976,"February 25, 1976",5488591,1,0.053406805121,False,02251976: 1,1,0,0,0,0,0.000021902926
06231976,06/23/1976,"June 23, 1976",4193473,1,0.041067574822,False,06231976: 1,1,0,0,0,0,0.000021902926
04241977,04/24/1977,"April 24, 1977",3561721,1,0.034990323620,False,04241977: 1,1,0,0,0,0,0.000021902926
09091977,09/09/1977,"September 09, 1977",2396195,2,0.023677083519,True,09091977: 2,2,0,0,0,0,0.000021902926
01071978,01/07/1978,"January 07, 1978",9206852,1,0.087957291878,False,01071978: 1,1,0,0,0,0,0.000021902926
02221978,02/22/1978,"February 22, 1978",7603272,1,0.073214063470,False,02221978: 1,1,0,0,0,0,0.000021902926
05111978,05/11/1978,"May 11, 1978",3652836,1,0.035869191745,False,05111978: 1,1,0,0,0,0,0.000021902926
10141978,10/14/1978,"October 14, 1978",4340183,1,0.042473393107,False,10141978: 1,1,0,0,0,0,0.000021902926
11301978,11/30/1978,"November 30, 1978",5926115,1,0.057539330585,True,11301978: 1; 113019780: 1,1,0,0,0,0,0.000021902926
02221979,02/22/1979,"February 22, 1979",7332240,1,0.070698769900,False,02221979: 1,1,0,0,0,0,0.000021902926
04111979,04/11/1979,"April 11, 1979",738008,1,0.007352854594,False,04111979: 1,1,0,0,0,0,0.000021902926
09201979,09/20/1979,"September 20, 1979",8914876,1,0.085290454666,False,09201979: 1,1,0,0,0,0,0.000021902926
09261979,09/26/1979,"September 26, 1979",8929971,1,0.085428519652,True,09261979: 1,1,0,0,0,0,0.000021902926
10051979,10/05/1979,"October 05, 1979",9895519,1,0.094216651288,True,10051979: 1; 100519790: 1,1,0,0,0,0,0.000021902926
07231980,07/23/1980,"July 23, 1980",6889043,1,0.066570994354,False,07231980: 1,1,0,0,0,0,0.000021902926
08011980,08/01/1980,"August 01, 1980",2555958,1,0.025235640985,True,08011980: 1,1,0,0,0,0,0.000021902926
11091980,11/09/1980,"November 09, 1980",6167720,1,0.059813614210,False,11091980: 1,1,0,0,0,0,0.000021902926
02031981,02/03/1981,"February 03, 1981",8430945,1,0.080853163518,True,02031981: 1; 020319810: 1,1,0,0,0,0,0.000021902926
12171981,12/17/1981,"December 17, 1981",6116882,1,0.059335520734,False,12171981: 1,1,0,0,0,0,0.000021902926
12131982,12/13/1982,"December 13, 1982",5757060,1,0.055944706168,True,12131982: 1; 121319820: 1,1,0,0,0,0,0.000021902926
01241983,01/24/1983,"January 24, 1983",7487840,1,0.072143638229,True,01241983: 1,1,0,0,0,0,0.000021902926
07091983,07/09/1983,"July 09, 1983",6641578,1,0.064258223773,True,07091983: 1,1,0,0,0,0,0.000021902926
01061984,01/06/1984,"January 06, 1984",6802278,1,0.065760753217,False,01061984: 1,1,0,0,0,0,0.000021902926
01271984,01/27/1984,"January 27, 1984",4127164,1,0.000412630479,True,01271984: 1; 0012719840: 1; 00012719840: 1; 012719840: 1,1,1,1,0,0,0.000021902926
07171984,07/17/1984,"July 17, 1984",3070414,1,0.030237497559,False,07171984: 1,1,0,0,0,0,0.000021902926
07181984,07/18/1984,"July 18, 1984",9567244,1,0.091238305062,True,07181984: 1,1,0,0,0,0,0.000021902926
11041984,11/04/1984,"November 04, 1984",6811909,1,0.065850725467,False,11041984: 1,1,0,0,0,0,0.000021902926
05151985,05/15/1985,"May 15, 1985",303805,2,0.003033380008,False,05151985: 2,2,0,0,0,0,0.000021902926
09081985,09/08/1985,"September 08, 1985",7198503,1,0.069455118876,False,09081985: 1,1,0,0,0,0,0.000021902926
11251985,11/25/1985,"November 25, 1985",9036852,1,0.086405500610,False,11251985: 1,1,0,0,0,0,0.000021902926
01021986,01/02/1986,"January 02, 1986",8835413,1,0.084563310145,True,01021986: 1; 010219860: 1,1,0,0,0,0,0.000021902926
05161986,05/16/1986,"May 16, 1986",1930621,1,0.019120980032,False,05161986: 1,1,0,0,0,0,0.000021902926
05221986,05/22/1986,"May 22, 1986",2650519,1,0.026156952251,False,05221986: 1,1,0,0,0,0,0.000021902926
06251986,06/25/1986,"June 25, 1986",209017,1,0.002087927262,True,06251986: 1,1,0,0,0,0,0.000021902926
07221986,07/22/1986,"July 22, 1986",6863330,1,0.066330950891,False,07221986: 1,1,0,0,0,0,0.000021902926
03291987,03/29/1987,"March 29, 1987",1299236,1,0.012908264531,False,03291987: 1,1,0,0,0,0,0.000021902926
05151987,05/15/1987,"May 15, 1987",7019051,1,0.067783738245,False,05151987: 1,1,0,0,0,0,0.000021902926
05261987,05/26/1987,"May 26, 1987",3448164,1,0.033893865136,False,05261987: 1,1,0,0,0,0,0.000021902926
03231988,03/23/1988,"March 23, 1988",5975638,1,0.058005949835,False,03231988: 1,1,0,0,0,0,0.000021902926
05141988,05/14/1988,"May 14, 1988",611919,1,0.006100446314,True,05141988: 1; 051419880: 1,1,0,0,0,0,0.000021902926
06281988,06/28/1988,"June 28, 1988",8730925,1,0.083606288748,False,06281988: 1,1,0,0,0,0,0.000021902926
08201988,08/20/1988,"August 20, 1988",5786836,1,0.056225766229,False,08201988: 1,1,0,0,0,0,0.000021902926
09291988,09/29/1988,"September 29, 1988",9795738,1,0.093312400535,False,09291988: 1,1,0,0,0,0,0.000021902926
05291989,05/29/1989,"May 29, 1989",4459216,1,0.043612487680,False,05291989: 1,1,0,0,0,0,0.000021902926
06281989,06/28/1989,"June 28, 1989",8331679,1,0.079940310208,False,06281989: 1,1,0,0,0,0,0.000021902926
11041989,11/04/1989,"November 04, 1989",8182697,1,0.078568565295,False,11041989: 1,1,0,0,0,0,0.000021902926
12011989,12/01/1989,"December 01, 1989",237526,1,0.002372381468,False,12011989: 1,1,0,0,0,0,0.000021902926
05121991,05/12/1991,"May 12, 1991",2575508,1,0.025426188793,True,05121991: 1; 051219910: 1,1,0,0,0,0,0.000021902926
05151991,05/15/1991,"May 15, 1991",3919481,1,0.038436573945,True,05151991: 1,1,0,0,0,0,0.000021902926
07071991,07/07/1991,"July 07, 1991",5271050,1,0.051345335340,False,07071991: 1,1,0,0,0,0,0.000021902926
11171991,11/17/1991,"November 17, 1991",3002989,1,0.029583414702,False,11171991: 1,1,0,0,0,0,0.000021902926
11191991,11/19/1991,"November 19, 1991",7920664,1,0.076150944741,True,11191991: 1; 111919910: 1,1,0,0,0,0,0.000021902926
08161992,08/16/1992,"August 16, 1992",1002579,1,0.009975640005,False,08161992: 1,1,0,0,0,0,0.000021902926
01281993,01/28/1993,"January 28, 1993",827797,1,0.008243742529,False,01281993: 1,1,0,0,0,0,0.000021902926
10241993,10/24/1993,"October 24, 1993",1018524,1,0.010133486806,False,10241993: 1,1,0,0,0,0,0.000021902926
10311993,10/31/1993,"October 31, 1993",4803536,1,0.046899858410,False,10311993: 1,1,0,0,0,0,0.000021902926
11111993,11/11/1993,"November 11, 1993",5393309,1,0.052504442358,False,11111993: 1,1,0,0,0,0,0.000021902926
01301994,01/30/1994,"January 30, 1994",1303827,1,0.012953580873,False,01301994: 1,1,0,0,0,0,0.000021902926
04011994,04/01/1994,"April 01, 1994",5765120,1,0.056020793959,True,04011994: 1,1,0,0,0,0,0.000021902926
04241994,04/24/1994,"April 24, 1994",5715320,1,0.055550575235,True,04241994: 1; 0042419940: 1; 042419940: 1,1,1,0,0,0,0.000021902926
08041994,08/04/1994,"August 04, 1994",3206980,1,0.031560959526,False,08041994: 1,1,0,0,0,0,0.000021902926
08111994,08/11/1994,"August 11, 1994",148393,1,0.001482769624,False,08111994: 1,1,0,0,0,0,0.000021902926
11251994,11/25/1994,"November 25, 1994",1049938,1,0.010444394639,False,11251994: 1,1,0,0,0,0,0.000021902926
12141994,12/14/1994,"December 14, 1994",8259688,1,0.079277711553,False,12141994: 1,1,0,0,0,0,0.000021902926
04191995,04/19/1995,"April 19, 1995",18727,1,0.000187192479,False,04191995: 1,1,0,0,0,0,0.000021902926
04281995,04/28/1995,"April 28, 1995",6288927,1,0.060952495593,False,04281995: 1,1,0,0,0,0,0.000021902926
05161995,05/16/1995,"May 16, 1995",9832900,1,0.093649281185,False,05161995: 1,1,0,0,0,0,0.000021902926
08091995,08/09/1995,"August 09, 1995",6123417,1,0.059396991150,True,08091995: 1,1,0,0,0,0,0.000021902926
04211996,04/21/1996,"April 21, 1996",5044291,1,0.049191734669,True,04211996: 1,1,0,0,0,0,0.000021902926
07121996,07/12/1996,"July 12, 1996",1767592,1,0.017520558537,False,07121996: 1,1,0,0,0,0,0.000021902926
08241996,08/24/1996,"August 24, 1996",5471367,1,0.053243749866,False,08241996: 1,1,0,0,0,0,0.000021902926
09201996,09/20/1996,"September 20, 1996",5592359,1,0.054388556497,False,09201996: 1,1,0,0,0,0,0.000021902926
12061996,12/06/1996,"December 06, 1996",3371815,1,0.033155971105,False,12061996: 1,1,0,0,0,0,0.000021902926
01011997,01/01/1997,"January 01, 1997",1724445,1,0.017096556663,False,01011997: 1,1,0,0,0,0,0.000021902926
11281997,11/28/1997,"November 28, 1997",425814,1,0.004249027274,False,11281997: 1,1,0,0,0,0,0.000021902926
01041998,01/04/1998,"January 04, 1998",4345361,1,0.042522972551,False,01041998: 1,1,0,0,0,0,0.000021902926
07081998,07/08/1998,"July 08, 1998",9598531,1,0.091522584862,True,07081998: 1; 070819980: 1,1,0,0,0,0,0.000021902926
11151998,11/15/1998,"November 15, 1998",8682510,1,0.083162509309,False,11151998: 1,1,0,0,0,0,0.000021902926
12121998,12/12/1998,"December 12, 1998",8402307,1,0.080589900549,False,12121998: 1,1,0,0,0,0,0.000021902926
05231999,05/23/1999,"May 23, 1999",9367705,1,0.089423160687,False,05231999: 1,1,0,0,0,0,0.000021902926
11031999,11/03/1999,"November 03, 1999",4204428,1,0.041172620116,False,11031999: 1,1,0,0,0,0,0.000021902926
11081999,11/08/1999,"November 08, 1999",899053,1,0.008950176657,True,11081999: 1; 110819990: 1,1,0,0,0,0,0.000021902926
11161999,11/16/1999,"November 16, 1999",4232779,1,0.041444418738,False,11161999: 1,1,0,0,0,0,0.000021902926
12031999,12/03/1999,"December 03, 1999",7324023,1,0.070622406080,True,12031999: 1; 120319990: 1,1,0,0,0,0,0.000021902926
12091999,12/09/1999,"December 09, 1999",7476692,1,0.072040195035,False,12091999: 1,1,0,0,0,0,0.000021902926
06152000,06/15/2000,"June 15, 2000",1309331,1,0.013007906413,False,06152000: 1,1,0,0,0,0,0.000021902926
03022001,03/02/2001,"March 02, 2001",9666442,1,0.092139331523,False,03022001: 1,1,0,0,0,0,0.000021902926
08152001,08/15/2001,"August 15, 2001",3735606,1,0.036666872657,False,08152001: 1,1,0,0,0,0,0.000021902926
12202001,12/20/2001,"December 20, 2001",2256589,1,0.022313126273,True,12202001: 1; 122020010: 1,1,0,0,0,0,0.000021902926
01292002,01/29/2002,"January 29, 2002",9050140,1,0.086526890983,False,01292002: 1,1,0,0,0,0,0.000021902926
12232002,12/23/2002,"December 23, 2002",1075273,1,0.010695066799,False,12232002: 1,1,0,0,0,0,0.000021902926
09132003,09/13/2003,"September 13, 2003",5027719,1,0.049034153665,False,09132003: 1,1,0,0,0,0,0.000021902926
10012003,10/01/2003,"October 01, 2003",750455,1,0.007476401696,False,10012003: 1,1,0,0,0,0,0.000021902926
12152003,12/15/2003,"December 15, 2003",4902930,1,0.047846712139,False,12152003: 1,1,0,0,0,0,0.000021902926
01172004,01/17/2004,"January 17, 2004",3849107,1,0.037759645130,False,01172004: 1,1,0,0,0,0,0.000021902926
03272004,03/27/2004,"March 27, 2004",7344205,1,0.070809954141,False,03272004: 1,1,0,0,0,0,0.000021902926
05302004,05/30/2004,"May 30, 2004",2779588,1,0.027413070942,False,05302004: 1,1,0,0,0,0,0.000021902926
08072004,08/07/2004,"August 07, 2004",563381,1,0.005617910246,False,08072004: 1,1,0,0,0,0,0.000021902926
09042004,09/04/2004,"September 04, 2004",5853903,1,0.056858515094,True,09042004: 1,1,0,0,0,0,0.000021902926
10162004,10/16/2004,"October 16, 2004",9635528,1,0.091858632088,False,10162004: 1,1,0,0,0,0,0.000021902926
07152005,07/15/2005,"July 15, 2005",5144392,1,0.050143027054,False,07152005: 1,1,0,0,0,0,0.000021902926
08262005,08/26/2005,"August 26, 2005",7981083,1,0.076708956517,False,08262005: 1,1,0,0,0,0,0.000021902926
09232005,09/23/2005,"September 23, 2005",6635603,1,0.064202311531,False,09232005: 1,1,0,0,0,0,0.000021902926
11242005,11/24/2005,"November 24, 2005",1495000,1,0.014838744607,False,11242005: 1,1,0,0,0,0,0.000021902926
12122005,12/12/2005,"December 12, 2005",1085492,1,0.010796158705,False,12122005: 1,1,0,0,0,0,0.000021902926
01312006,01/31/2006,"January 31, 2006",9670220,1,0.092173629851,False,01312006: 1,1,0,0,0,0,0.000021902926
03082006,03/08/2006,"March 08, 2006",698954,1,0.006965110464,False,03082006: 1,1,0,0,0,0,0.000021902926
07092006,07/09/2006,"July 09, 2006",5876724,1,0.057073724857,False,07092006: 1,1,0,0,0,0,0.000021902926
09072006,09/07/2006,"September 07, 2006",6878353,1,0.066471205458,False,09072006: 1,1,0,0,0,0,0.000021902926
09202006,09/20/2006,"September 20, 2006",4526041,1,0.044251380148,False,09202006: 1,1,0,0,0,0,0.000021902926
12142006,12/14/2006,"December 14, 2006",8686251,1,0.083196807559,False,12142006: 1,1,0,0,0,0,0.000021902926
03292007,03/29/2007,"March 29, 2007",7308744,1,0.070480395627,False,03292007: 1,1,0,0,0,0,0.000021902926
05272007,05/27/2007,"May 27, 2007",3480668,1,0.034207837248,False,05272007: 1,1,0,0,0,0,0.000021902926
01082008,01/08/2008,"January 08, 2008",4409286,2,0.043134844157,True,01082008: 2; 010820080: 1,2,0,0,0,0,0.000021902926
02282008,02/28/2008,"February 28, 2008",8803460,1,0.084270753919,False,02282008: 1,1,0,0,0,0,0.000021902926
04142008,04/14/2008,"April 14, 2008",3999617,1,0.039206823755,False,04142008: 1,1,0,0,0,0,0.000021902926
07192008,07/19/2008,"July 19, 2008",3728494,1,0.036598357968,False,07192008: 1,1,0,0,0,0,0.000021902926
08172008,08/17/2008,"August 17, 2008",1421668,1,0.014116041193,True,08172008: 1; 081720080: 1; 0817200800: 1,1,0,0,0,0,0.000021902926
10042008,10/04/2008,"October 04, 2008",5600842,1,0.054468769315,False,10042008: 1,1,0,0,0,0,0.000021902926
11112008,11/11/2008,"November 11, 2008",2182688,1,0.021590338849,False,11112008: 1,1,0,0,0,0,0.000021902926
05102009,05/10/2009,"May 10, 2009",9110128,1,0.087074700910,False,05102009: 1,1,0,0,0,0,0.000021902926
11042009,11/04/2009,"November 04, 2009",4586412,1,0.044828201019,False,11042009: 1,1,0,0,0,0,0.000021902926
06122010,06/12/2010,"June 12, 2010",3165955,1,0.031163575898,True,06122010: 1; 061220100: 1,1,0,0,0,0,0.000021902926
08192010,08/19/2010,"August 19, 2010",3297429,1,0.032436506941,False,08192010: 1,1,0,0,0,0,0.000021902926
09202010,09/20/2010,"September 20, 2010",1644525,1,0.016310706239,True,09202010: 1; 0092020100: 1; 092020100: 1,1,1,0,0,0,0.000021902926
08062011,08/06/2011,"August 06, 2011",6769747,1,0.065456786405,False,08062011: 1,1,0,0,0,0,0.000021902926
02282012,02/28/2012,"February 28, 2012",2255569,1,0.022303153816,False,02282012: 1,1,0,0,0,0,0.000021902926
04132012,04/13/2012,"April 13, 2012",3468324,1,0.034088612504,False,04132012: 1,1,0,0,0,0,0.000021902926
09272012,09/27/2012,"September 27, 2012",1036074,1,0.010307193138,False,09272012: 1,1,0,0,0,0,0.000021902926
01082013,01/08/2013,"January 08, 2013",6991565,1,0.067527474064,False,01082013: 1,1,0,0,0,0,0.000021902926
05032014,05/03/2014,"May 03, 2014",9667971,1,0.092153212606,False,05032014: 1,1,0,0,0,0,0.000021902926
08012014,08/01/2014,"August 01, 2014",7956033,1,0.076477643138,False,08012014: 1,1,0,0,0,0,0.000021902926
03112015,03/11/2015,"March 11, 2015",8453362,1,0.081059185573,False,03112015: 1,1,0,0,0,0,0.000021902926
04282015,04/28/2015,"April 28, 2015",6419577,1,0.062178560069,False,04282015: 1,1,0,0,0,0,0.000021902926
05112015,05/11/2015,"May 11, 2015",9558534,1,0.091159148470,False,05112015: 1,1,0,0,0,0,0.000021902926
12182015,12/18/2015,"December 18, 2015",848555,1,0.008449589929,False,12182015: 1,1,0,0,0,0,0.000021902926
12272015,12/27/2015,"December 27, 2015",7471359,1,0.071990705619,False,12272015: 1,1,0,0,0,0,0.000021902926
07112016,07/11/2016,"July 11, 2016",6284760,1,0.060913364668,False,07112016: 1,1,0,0,0,0,0.000021902926
10112016,10/11/2016,"October 11, 2016",3366781,1,0.033107298951,False,10112016: 1,1,0,0,0,0,0.000021902926
11172016,11/17/2016,"November 17, 2016",612089,1,0.006102135942,False,11172016: 1,1,0,0,0,0,0.000021902926
01102017,01/10/2017,"January 10, 2017",1513902,1,0.015024942191,False,01102017: 1,1,0,0,0,0,0.000021902926
02032017,02/03/2017,"February 03, 2017",9756131,1,0.092953217648,False,02032017: 1,1,0,0,0,0,0.000021902926
04022017,04/02/2017,"April 02, 2017",2619601,1,0.025855812904,False,04022017: 1,1,0,0,0,0,0.000021902926
06242017,06/24/2017,"June 24, 2017",5585971,1,0.054328148908,False,06242017: 1,1,0,0,0,0,0.000021902926
11062017,11/06/2017,"November 06, 2017",5263486,1,0.051273576387,False,11062017: 1,1,0,0,0,0,0.000021902926
12122017,12/12/2017,"December 12, 2017",1129311,1,0.011229522986,False,12122017: 1,1,0,0,0,0,0.000021902926
02042018,02/04/2018,"February 04, 2018",3299233,1,0.032453961629,True,02042018: 1; 020420180: 1,1,0,0,0,0,0.000021902926
10142018,10/14/2018,"October 14, 2018",7256719,1,0.069996687234,False,10142018: 1,1,0,0,0,0,0.000021902926
09212019,09/21/2019,"September 21, 2019",8692067,1,0.083250127282,False,09212019: 1,1,0,0,0,0,0.000021902926
01272020,01/27/2020,"January 27, 2020",5586297,1,0.054331231794,False,01272020: 1,1,0,0,0,0,0.000021902926
08112020,08/11/2020,"August 11, 2020",5020365,1,0.048964217064,False,08112020: 1,1,0,0,0,0,0.000021902926
09282020,09/28/2020,"September 28, 2020",8420393,1,0.080756170025,True,09282020: 1; 092820200: 1,1,0,0,0,0,0.000021902926
12032020,12/03/2020,"December 03, 2020",8478402,1,0.081289259549,False,12032020: 1,1,0,0,0,0,0.000021902926
03272021,03/27/2021,"March 27, 2021",8105650,1,0.077858356448,False,03272021: 1,1,0,0,0,0,0.000021902926
07042021,07/04/2021,"July 04, 2021",6384676,1,0.061851193881,False,07042021: 1,1,0,0,0,0,0.000021902926
12032021,12/03/2021,"December 03, 2021",9181048,1,0.087721918008,False,12032021: 1,1,0,0,0,0,0.000021902926
01222022,01/22/2022,"January 22, 2022",9064913,1,0.086661828399,True,01222022: 1; 012220220: 1,1,0,0,0,0,0.000021902926
04252022,04/25/2022,"April 25, 2022",5346311,1,0.052059033733,False,04252022: 1,1,0,0,0,0,0.000021902926
04262022,04/26/2022,"April 26, 2022",218840,1,0.002185947352,False,04262022: 1,1,0,0,0,0,0.000021902926
10192022,10/19/2022,"October 19, 2022",9936707,1,0.094589648517,False,10192022: 1,1,0,0,0,0,0.000021902926
01052023,01/05/2023,"January 05, 2023",1484639,1,0.014736666760,False,01052023: 1,1,0,0,0,0,0.000021902926
02022023,02/02/2023,"February 02, 2023",611908,1,0.006100336985,False,02022023: 1,1,0,0,0,0,0.000021902926
01172024,01/17/2024,"January 17, 2024",6140848,1,0.059560933373,False,01172024: 1,1,0,0,0,0,0.000021902926
02182024,02/18/2024,"February 18, 2024",4767980,1,0.046560913867,False,02182024: 1,1,0,0,0,0,0.000021902926
03122024,03/12/2024,"March 12, 2024",8846295,1,0.084662922547,False,03122024: 1,1,0,0,0,0,0.000021902926
04082024,04/08/2024,"April 08, 2024",5046699,1,0.049214629856,False,04082024: 1,1,0,0,0,0,0.000021902926
04252024,04/25/2024,"April 25, 2024",1535338,1,0.015236058818,False,04252024: 1,1,0,0,0,0,0.000021902926
08312024,08/31/2024,"August 31, 2024",8672019,1,0.083066318841,False,08312024: 1,1,0,0,0,0,0.000021902926
