e_digits_Birthday (MMDDYYYY),e_digits_Birthday (MM/DD/YYYY),"e_digits_Birthday (Month Day, Year)",e_digits_FirstIdx,e_digits_Count,e_digits_Odds (by position),pi_digits_20241026_163411_FirstIdx,pi_digits_20241026_163411_Count,pi_digits_20241026_163411_Odds (by position),Odds (on this list out of all days from 1900 to 2024)
05271900,05/27/1900,"May 27, 1900",6293034,1,0.060991127213,6287115,1,0.060935545632,0.000021902926
07081900,07/08/1900,"July 08, 1900",7187830,1,0.069355861665,4417446,1,0.043212988144,0.000021902926
02061901,02/06/1901,"February 06, 1901",3074967,1,0.030281717721,7287369,1,0.070281754654,0.000021902926
02261901,02/26/1901,"February 26, 1901",5392345,1,0.052495374782,4481563,1,0.043826254653,0.000021902926
06211901,06/21/1901,"June 21, 1901",1412244,1,0.014023196129,5272243,2,0.051356719128,0.000021902926
02051902,02/05/1902,"February 05, 1902",5285454,1,0.051482036115,4978453,1,0.048565602001,0.000021902926
02281902,02/28/1902,"February 28, 1902",2783734,1,0.027453461639,4552729,1,0.044506483193,0.000021902926
01291903,01/29/1903,"January 29, 1903",1048488,1,0.010430115248,991331,1,0.009864345110,0.000021902926
02211903,02/21/1903,"February 21, 1903",2785604,1,0.027471648090,3093746,1,0.030463804022,0.000021902926
04241903,04/24/1903,"April 24, 1903",2137764,1,0.021150767863,6625872,1,0.064111310138,0.000021902926
09081903,09/08/1903,"September 08, 1903",5616118,1,0.054613263812,8377138,1,0.080358529470,0.000021902926
06201904,06/20/1904,"June 20, 1904",4568787,1,0.044659904025,1301240,1,0.012928114747,0.000021902926
07011904,07/01/1904,"July 01, 1904",2025886,1,0.020055038082,9989309,1,0.095065850580,0.000021902926
08291904,08/29/1904,"August 29, 1904",5907582,1,0.057364714145,749202,1,0.007464034775,0.000021902926
05021905,05/02/1905,"May 02, 1905",8571922,1,0.082148100465,6630253,1,0.064152310524,0.000021902926
06301905,06/30/1905,"June 30, 1905",5747492,1,0.055854440725,6644050,1,0.064281420524,0.000021902926
01011906,01/01/1906,"January 01, 1906",9498798,1,0.090616144763,9649409,1,0.091984746004,0.000021902926
11051906,11/05/1906,"November 05, 1906",6694093,1,0.064749565031,9121739,1,0.087180758411,0.000021902926
03241908,03/24/1908,"March 24, 1908",9915240,1,0.094395326604,1944405,1,0.019256243731,0.000021902926
04271908,04/27/1908,"April 27, 1908",3695149,1,0.036277125582,8565935,1,0.082093147026,0.000021902926
10061908,10/06/1908,"October 06, 1908",4192789,1,0.041061082827,5752792,1,0.055904479114,0.000021902926
08121909,08/12/1909,"August 12, 1909",1149275,1,0.011426970623,8024380,1,0.077108691918,0.000021902926
11191909,11/19/1909,"November 19, 1909",3173386,1,0.031235635272,3581477,1,0.035181019640,0.000021902926
04241910,04/24/1910,"April 24, 1910",2230860,1,0.022061613307,9300959,1,0.088815247969,0.000021902926
06091910,06/09/1910,"June 09, 1910",4506613,1,0.044065746181,4969410,1,0.048479559897,0.000021902926
10241910,10/24/1910,"October 24, 1910",2809341,1,0.027702469751,7831695,1,0.075328704449,0.000021902926
12191910,12/19/1910,"December 19, 1910",8540146,1,0.081856397499,9958734,1,0.094789124659,0.000021902926
02111911,02/11/1911,"February 11, 1911",2976018,1,0.029321716291,1671566,1,0.016576738542,0.000021902926
04131911,04/13/1911,"April 13, 1911",2490793,1,0.024600297052,3211353,1,0.031603376227,0.000021902926
04201911,04/20/1911,"April 20, 1911",1315659,1,0.013070430383,5790022,1,0.056255900459,0.000021902926
05221911,05/22/1911,"May 22, 1911",9658258,1,0.092065092720,2453655,1,0.024237985833,0.000021902926
10131911,10/13/1911,"October 13, 1911",7843979,1,0.075442284096,5821608,1,0.056553944401,0.000021902926
10211911,10/21/1911,"October 21, 1911",8611135,1,0.082507947176,7443193,1,0.071729350683,0.000021902926
10221911,10/22/1911,"October 22, 1911",7306944,1,0.070463729191,3287817,1,0.032343568003,0.000021902926
11091911,11/09/1911,"November 09, 1911",650051,1,0.006479437392,9421395,1,0.089911981884,0.000021902926
04101912,04/10/1912,"April 10, 1912",4002611,1,0.039235656726,7939273,1,0.076322912475,0.000021902926
04141912,04/14/1912,"April 14, 1912",2408669,1,0.023798930780,5873006,1,0.057038732213,0.000021902926
06031912,06/03/1912,"June 03, 1912",3042030,1,0.029962269002,4082022,1,0.039998306452,0.000021902926
06211912,06/21/1912,"June 21, 1912",5426375,2,0.052817755753,6720165,1,0.064993371743,0.000021902926
07061912,07/06/1912,"July 06, 1912",8491928,1,0.081413580262,302742,1,0.003022851985,0.000021902926
11201912,11/20/1912,"November 20, 1912",8614417,2,0.082538058771,148147,1,0.001480383165,0.000021902926
06051913,06/05/1913,"June 05, 1913",1556712,1,0.015446588691,1305798,2,0.012973104458,0.000021902926
07031913,07/03/1913,"July 03, 1913",8083402,1,0.077653240114,8129460,1,0.078077956773,0.000021902926
08061913,08/06/1913,"August 06, 1913",5473606,1,0.053265013772,5990836,1,0.058149169144,0.000021902926
09191914,09/19/1914,"September 19, 1914",4210020,1,0.041226303359,585207,1,0.005834989992,0.000021902926
10161914,10/16/1914,"October 16, 1914",8517628,1,0.081649626641,6614649,1,0.064006269455,0.000021902926
11191914,11/19/1914,"November 19, 1914",6520755,1,0.063127014774,6321193,1,0.061255505499,0.000021902926
05051915,05/05/1915,"May 05, 1915",5231895,1,0.050973883305,7732762,1,0.074413446716,0.000021902926
05081915,05/08/1915,"May 08, 1915",5998760,1,0.058223798447,841148,1,0.008376212483,0.000021902926
01271916,01/27/1916,"January 27, 1916",8391906,1,0.080494332096,5550119,1,0.053989112070,0.000021902926
04161916,04/16/1916,"April 16, 1916",9850294,1,0.093806981554,3176803,1,0.031268737385,0.000021902926
08261916,08/26/1916,"August 26, 1916",6372782,1,0.061739669503,8484580,1,0.081346080052,0.000021902926
09181916,09/18/1916,"September 18, 1916",5722820,1,0.055621472393,6814400,1,0.065874060224,0.000021902926
03231917,03/23/1917,"March 23, 1917",1178372,1,0.011714573876,8608653,1,0.082485174741,0.000021902926
12051917,12/05/1917,"December 05, 1917",5379210,1,0.052370911874,8728386,1,0.083583085365,0.000021902926
02111918,02/11/1918,"February 11, 1918",2198831,1,0.021748339252,5954436,1,0.057806273034,0.000021902926
03281918,03/28/1918,"March 28, 1918",6606910,1,0.063933830097,989735,1,0.009848542419,0.000021902926
08311918,08/31/1918,"August 31, 1918",169981,1,0.001698376141,1310022,2,0.013014795594,0.000021902926
12101918,12/10/1918,"December 10, 1918",3295448,1,0.032417407049,7133379,1,0.068848978631,0.000021902926
12201918,12/20/1918,"December 20, 1918",3365079,1,0.033090909980,4701806,1,0.045929843063,0.000021902926
01021919,01/02/1919,"January 02, 1919",2769241,1,0.027312500254,2787392,1,0.027489036741,0.000021902926
06041919,06/04/1919,"June 04, 1919",5426514,1,0.052819072335,9449954,1,0.090171856813,0.000021902926
11071919,11/07/1919,"November 07, 1919",646101,1,0.006440192554,7824311,1,0.075260424199,0.000021902926
12081919,12/08/1919,"December 08, 1919",9058915,1,0.086607108669,1735033,1,0.017200689767,0.000021902926
08191920,08/19/1920,"August 19, 1920",9058917,1,0.086607126937,5678517,2,0.055202991676,0.000021902926
02191921,02/19/1921,"February 19, 1921",4159729,1,0.040744005208,9622053,1,0.091736315370,0.000021902926
03281921,03/28/1921,"March 28, 1921",4549973,1,0.044480149429,5386821,1,0.052443033180,0.000021902926
11251921,11/25/1921,"November 25, 1921",783848,2,0.007807849227,6975287,2,0.067375739113,0.000021902926
03041922,03/04/1922,"March 04, 1922",4628279,1,0.045228085933,7674193,1,0.073871181138,0.000021902926
05051922,05/05/1922,"May 05, 1922",2189630,1,0.021658326175,469223,1,0.004681248687,0.000021902926
09091922,09/09/1922,"September 09, 1922",335597,1,0.003350355027,8058850,1,0.077426757733,0.000021902926
12101922,12/10/1922,"December 10, 1922",7482094,1,0.072090387024,7411864,1,0.071438487209,0.000021902926
02161923,02/16/1923,"February 16, 1923",1052085,1,0.010465709437,3437766,1,0.033793471831,0.000021902926
07301923,07/30/1923,"July 30, 1923",4380778,1,0.042862089149,5065372,1,0.049392219978,0.000021902926
02121924,02/12/1924,"February 12, 1924",1426614,2,0.014164870817,1182225,1,0.011752651781,0.000021902926
03111924,03/11/1924,"March 11, 1924",105217,1,0.001051626663,7002759,1,0.067631914463,0.000021902926
03201924,03/20/1924,"March 20, 1924",4240530,1,0.041518780597,1057927,1,0.010523516342,0.000021902926
09061924,09/06/1924,"September 06, 1924",6102184,1,0.059197317563,7505722,1,0.072309607610,0.000021902926
03071926,03/07/1926,"March 07, 1926",4376582,1,0.042821926799,6831854,1,0.066037088340,0.000021902926
03191926,03/19/1926,"March 19, 1926",8218141,1,0.078895164061,3667179,1,0.036007534591,0.000021902926
08311926,08/31/1926,"August 31, 1926",9002928,1,0.086095584206,344399,1,0.003438076269,0.000021902926
10191926,10/19/1926,"October 19, 1926",8340038,1,0.080017279183,2831917,1,0.027921950867,0.000021902926
12071926,12/07/1926,"December 07, 1926",1235468,1,0.012278684271,6519854,1,0.063118573510,0.000021902926
03071927,03/07/1927,"March 07, 1927",6057727,1,0.058778971925,5868081,1,0.056992290226,0.000021902926
01161928,01/16/1928,"January 16, 1928",5368,1,0.000053688559,390911,1,0.003901489376,0.000021902926
01311928,01/31/1928,"January 31, 1928",4081266,1,0.039991048812,4472962,1,0.043744010612,0.000021902926
05231928,05/23/1928,"May 23, 1928",8676409,1,0.083106635529,649117,1,0.006470157867,0.000021902926
06111928,06/11/1928,"June 11, 1928",2483376,1,0.024527948972,1309348,1,0.013008143291,0.000021902926
07251928,07/25/1928,"July 25, 1928",5211526,1,0.050780556485,776088,1,0.007730852128,0.000021902926
11141928,11/14/1928,"November 14, 1928",9522244,1,0.090829333911,1402619,1,0.013928291293,0.000021902926
09241929,09/24/1929,"September 24, 1929",6375624,1,0.061766334483,514248,1,0.005129290086,0.000021902926
08131930,08/13/1930,"August 13, 1930",5990716,1,0.058148038922,4493163,1,0.043937164376,0.000021902926
11301930,11/30/1930,"November 30, 1930",4742809,1,0.046320960263,6954081,1,0.067177945839,0.000021902926
01311931,01/31/1931,"January 31, 1931",5616523,1,0.054617092621,4072117,1,0.039903213574,0.000021902926
06011931,06/01/1931,"June 01, 1931",6456698,1,0.062526689785,9233082,1,0.088196553137,0.000021902926
07111931,07/11/1931,"July 11, 1931",7513075,1,0.072377818177,6934346,1,0.066993835238,0.000021902926
07301931,07/30/1931,"July 30, 1931",1326379,1,0.013176223563,1351456,1,0.013423658338,0.000021902926
05111932,05/11/1932,"May 11, 1932",5374859,1,0.052329679635,4953415,1,0.048327352029,0.000021902926
10151932,10/15/1932,"October 15, 1932",60880,1,0.000608624719,2223717,1,0.021991756673,0.000021902926
04091933,04/09/1933,"April 09, 1933",1576092,1,0.015637376656,8058455,1,0.077423113562,0.000021902926
07061933,07/06/1933,"July 06, 1933",2852691,1,0.028123869389,935880,2,0.009315152730,0.000021902926
07131933,07/13/1933,"July 13, 1933",9099452,1,0.086977295713,9488968,1,0.090526747936,0.000021902926
07291933,07/29/1933,"July 29, 1933",9894152,1,0.094204332550,238645,1,0.002383614692,0.000021902926
09141933,09/14/1933,"September 14, 1933",519504,1,0.005181579117,3652427,1,0.035865315931,0.000021902926
09261933,09/26/1933,"September 26, 1933",9063505,1,0.086649032441,6454737,1,0.062508305753,0.000021902926
12201933,12/20/1933,"December 20, 1933",4759791,1,0.046482900288,2627419,1,0.025932036705,0.000021902926
02071934,02/07/1934,"February 07, 1934",1274898,1,0.012668066018,9708749,1,0.092523402426,0.000021902926
02161934,02/16/1934,"February 16, 1934",2248562,1,0.022234712641,2029820,2,0.020093588359,0.000021902926
06151934,06/15/1934,"June 15, 1934",5086959,1,0.049597405534,8450389,1,0.081031929384,0.000021902926
06161934,06/16/1934,"June 16, 1934",9834381,1,0.093662767583,4193202,1,0.041065043237,0.000021902926
10091934,10/09/1934,"October 09, 1934",3383921,1,0.033273077830,6634050,1,0.064187843987,0.000021902926
06041935,06/04/1935,"June 04, 1935",9825344,1,0.093580858186,7729486,1,0.074383124004,0.000021902926
02171936,02/17/1936,"February 17, 1936",3521728,1,0.034604377690,2821751,1,0.027823124389,0.000021902926
03181936,03/18/1936,"March 18, 1936",4217432,1,0.041297365032,7013957,1,0.067736315197,0.000021902926
03291936,03/29/1936,"March 29, 1936",3010971,1,0.029660938187,3258960,1,0.032064291090,0.000021902926
04191936,04/19/1936,"April 19, 1936",4402747,1,0.043072339683,5248519,1,0.051131636296,0.000021902926
07091936,07/09/1936,"July 09, 1936",5322511,1,0.051833463302,589956,1,0.005882201768,0.000021902926
08201936,08/20/1936,"August 20, 1936",4675896,1,0.045682611455,8301070,1,0.079658710454,0.000021902926
09041936,09/04/1936,"September 04, 1936",9654947,1,0.092035030497,2833262,1,0.027935025229,0.000021902926
09261936,09/26/1936,"September 26, 1936",2037213,1,0.020166030163,9652132,1,0.092009470923,0.000021902926
02091939,02/09/1939,"February 09, 1939",5495103,1,0.053468511521,4095907,1,0.040131593435,0.000021902926
03131939,03/13/1939,"March 13, 1939",3485492,1,0.034254493541,221140,1,0.002208966656,0.000021902926
12021939,12/02/1939,"December 02, 1939",689838,1,0.006874650795,6658613,1,0.064417679300,0.000021902926
03221940,03/22/1940,"March 22, 1940",5381228,2,0.052390034836,3526663,1,0.034652018789,0.000021902926
04171940,04/17/1940,"April 17, 1940",4966852,1,0.048455219693,8938064,1,0.085502596943,0.000021902926
06161940,06/16/1940,"June 16, 1940",1253467,1,0.012456448234,4133330,3,0.040490737787,0.000021902926
10301940,10/30/1940,"October 30, 1940",7731056,1,0.074397656075,1518414,1,0.015069452208,0.000021902926
03121941,03/12/1941,"March 12, 1941",3465059,1,0.034057142598,1856637,2,0.018395086688,0.000021902926
03261941,03/26/1941,"March 26, 1941",3445841,1,0.033871489859,3005661,1,0.029609411814,0.000021902926
05301941,05/30/1941,"May 30, 1941",8918382,1,0.085322587848,7732133,1,0.074407624758,0.000021902926
09091941,09/09/1941,"September 09, 1941",2316382,1,0.022897608252,449966,1,0.004489561697,0.000021902926
01071942,01/07/1942,"January 07, 1942",1473208,1,0.014624103846,7614270,1,0.073316050651,0.000021902926
07021943,07/02/1943,"July 02, 1943",1733211,1,0.017182783000,2943259,1,0.029003679699,0.000021902926
07271943,07/27/1943,"July 27, 1943",9504717,1,0.090669969601,3701332,2,0.036336710726,0.000021902926
08131943,08/13/1943,"August 13, 1943",4559820,1,0.044574234837,2257252,1,0.022319676753,0.000021902926
10101943,10/10/1943,"October 10, 1943",583164,1,0.005814678993,6100704,1,0.059183393580,0.000021902926
06291944,06/29/1944,"June 29, 1944",8232796,1,0.079030142085,5611255,1,0.054567288537,0.000021902926
04031945,04/03/1945,"April 03, 1945",4542836,1,0.044411951543,925479,2,0.009212106240,0.000021902926
04241945,04/24/1945,"April 24, 1945",5915595,1,0.057440244485,8339872,1,0.080015752010,0.000021902926
05191945,05/19/1945,"May 19, 1945",998670,1,0.009937008500,2983615,2,0.029395455920,0.000021902926
09021945,09/02/1945,"September 02, 1945",2207474,1,0.021832885890,3376299,2,0.033199391095,0.000021902926
11151945,11/15/1945,"November 15, 1945",8064637,1,0.077480145502,1103878,1,0.010978086238,0.000021902926
12301945,12/30/1945,"December 30, 1945",9368932,1,0.089434397136,2551058,1,0.025187944598,0.000021902926
07111946,07/11/1946,"July 11, 1946",5509394,1,0.053603770672,1991161,1,0.019714693102,0.000021902926
10111946,10/11/1946,"October 11, 1946",1694628,1,0.016803509467,1284797,1,0.012765797170,0.000021902926
07131948,07/13/1948,"July 13, 1948",5877911,1,0.057084983329,1373242,1,0.013638570451,0.000021902926
08111948,08/11/1948,"August 11, 1948",1586861,1,0.015743376960,6708130,1,0.064880836923,0.000021902926
01061949,01/06/1949,"January 06, 1949",4026416,1,0.039464339460,4147712,1,0.040628724487,0.000021902926
03051950,03/05/1950,"March 05, 1950",2053092,1,0.020321605648,4070308,1,0.039885845266,0.000021902926
03311950,03/31/1950,"March 31, 1950",8067740,1,0.077508770850,4192658,2,0.041059826616,0.000021902926
11071950,11/07/1950,"November 07, 1950",104949,1,0.001048949478,9796792,1,0.093322020440,0.000021902926
11301950,11/30/1950,"November 30, 1950",2989959,1,0.029457029120,9603197,2,0.091565037021,0.000021902926
12151950,12/15/1950,"December 15, 1950",3866317,1,0.037925299792,5637853,1,0.054818721293,0.000021902926
05131951,05/13/1951,"May 13, 1951",4526574,1,0.044256541177,6608454,1,0.063948282847,0.000021902926
08211952,08/21/1952,"August 21, 1952",7311860,1,0.070509424071,7313946,1,0.070528813043,0.000021902926
10051952,10/05/1952,"October 05, 1952",1903146,1,0.018851515173,3249446,1,0.031972197305,0.000021902926
05071953,05/07/1953,"May 07, 1953",2038716,1,0.020180756957,6831283,1,0.066031755396,0.000021902926
07241953,07/24/1953,"July 24, 1953",254751,1,0.002544277850,1247024,1,0.012392818753,0.000021902926
10271953,10/27/1953,"October 27, 1953",1504294,1,0.014930370195,6991741,1,0.067529180487,0.000021902926
11191953,11/19/1953,"November 19, 1953",691311,1,0.006889279424,6296431,1,0.061023024803,0.000021902926
01261954,01/26/1954,"January 26, 1954",7786113,1,0.074907124700,2732520,1,0.026955254085,0.000021902926
05251954,05/25/1954,"May 25, 1954",6402410,1,0.062017616099,5531885,1,0.053816600715,0.000021902926
05291954,05/29/1954,"May 29, 1954",7431621,1,0.071621924987,2308350,1,0.022819124235,0.000021902926
10041954,10/04/1954,"October 04, 1954",2017932,1,0.019977090159,599962,1,0.005981668219,0.000021902926
01251955,01/25/1955,"January 25, 1955",7428148,1,0.071589681856,491308,1,0.004901040564,0.000021902926
03031955,03/03/1955,"March 03, 1955",6712673,1,0.064923318422,335800,1,0.003352378224,0.000021902926
03061955,03/06/1955,"March 06, 1955",8496151,1,0.081452371348,1159130,1,0.011524389696,0.000021902926
10021955,10/02/1955,"October 02, 1955",5214980,1,0.050813341958,7354084,1,0.070901809330,0.000021902926
11171955,11/17/1955,"November 17, 1955",4935239,1,0.048154360286,8141861,1,0.078192277238,0.000021902926
01241956,01/24/1956,"January 24, 1956",499162,1,0.004979192568,8257224,1,0.079255089128,0.000021902926
05141956,05/14/1956,"May 14, 1956",31519,1,0.000315150333,4225847,1,0.041378036465,0.000021902926
06131956,06/13/1956,"June 13, 1956",8375093,1,0.080339722609,570451,1,0.005688280178,0.000021902926
05231957,05/23/1957,"May 23, 1957",2718386,1,0.026817714220,2137442,1,0.021147615964,0.000021902926
09051958,09/05/1958,"September 05, 1958",1102599,1,0.010965436567,5764141,1,0.056011618436,0.000021902926
02141959,02/14/1959,"February 14, 1959",13690,1,0.000136900630,4340579,1,0.042477251931,0.000021902926
02191959,02/19/1959,"February 19, 1959",9988284,1,0.095056574957,4591065,1,0.044872710988,0.000021902926
04301959,04/30/1959,"April 30, 1959",3770498,1,0.037003007631,2627035,1,0.025928296277,0.000021902926
06131959,06/13/1959,"June 13, 1959",2466070,1,0.024359119169,9693485,1,0.092384874625,0.000021902926
07131959,07/13/1959,"July 13, 1959",2149946,1,0.021270004015,500585,1,0.004993351613,0.000021902926
04061960,04/06/1960,"April 06, 1960",1018332,2,0.010131655551,3716235,1,0.036480314766,0.000021902926
06131960,06/13/1960,"June 13, 1960",5496663,1,0.053483277297,8888439,1,0.085048664980,0.000021902926
08261960,08/26/1960,"August 26, 1960",4629871,1,0.045243285781,4625350,2,0.045200120253,0.000021902926
09281960,09/28/1960,"September 28, 1960",3081089,1,0.030341082058,5420073,1,0.052758062446,0.000021902926
11191960,11/19/1960,"November 19, 1960",3578507,1,0.035152364091,5839722,1,0.056724824744,0.000021902926
03281961,03/28/1961,"March 28, 1961",9359138,1,0.089345211972,1853568,2,0.018364960770,0.000021902926
07311961,07/31/1961,"July 31, 1961",8209032,1,0.078811256799,2412321,2,0.023834580992,0.000021902926
12271962,12/27/1962,"December 27, 1962",5732916,1,0.055716812037,8391098,1,0.080486902460,0.000021902926
02121963,02/12/1963,"February 12, 1963",2745749,1,0.027083969662,9597943,1,0.091517306593,0.000021902926
02131963,02/13/1963,"February 13, 1963",1324059,1,0.013153328986,261564,1,0.002612232194,0.000021902926
02281963,02/28/1963,"February 28, 1963",2560131,1,0.025276385284,6803458,1,0.065771842571,0.000021902926
04231963,04/23/1963,"April 23, 1963",4534705,1,0.044334249519,2455577,1,0.024256739799,0.000021902926
11131963,11/13/1963,"November 13, 1963",2044134,1,0.020233842126,7679271,1,0.073918208766,0.000021902926
12251963,12/25/1963,"December 25, 1963",5361755,1,0.052205488778,1887882,1,0.018701741236,0.000021902926
06251964,06/25/1964,"June 25, 1964",921403,1,0.009171720902,9075577,1,0.086759285516,0.000021902926
08191964,08/19/1964,"August 19, 1964",2368748,1,0.023409143749,5797702,1,0.056328377223,0.000021902926
12071964,12/07/1964,"December 07, 1964",1867900,1,0.018505638624,5615907,1,0.054611269044,0.000021902926
02221965,02/22/1965,"February 22, 1965",1168240,1,0.011614435723,9650518,1,0.091994815838,0.000021902926
05121965,05/12/1965,"May 12, 1965",1659087,1,0.016454009494,9846392,1,0.093771621212,0.000021902926
07011965,07/01/1965,"July 01, 1965",2457662,1,0.024277083834,3045828,1,0.029999110336,0.000021902926
07051965,07/05/1965,"July 05, 1965",805591,2,0.008023558117,7706454,1,0.074169911370,0.000021902926
09041965,09/04/1965,"September 04, 1965",4399768,1,0.043043832383,6290151,1,0.060964055196,0.000021902926
05151966,05/15/1966,"May 15, 1966",1084125,1,0.010782705441,8952413,1,0.085633808763,0.000021902926
06161966,06/16/1966,"June 16, 1966",8949758,1,0.085609532018,9662019,1,0.092099239510,0.000021902926
09221966,09/22/1966,"September 22, 1966",4768968,1,0.046570400538,4807937,1,0.046941870139,0.000021902926
06191967,06/19/1967,"June 19, 1967",7418736,1,0.071502295764,9227538,1,0.088146001352,0.000021902926
03101968,03/10/1968,"March 10, 1968",5550456,1,0.053992300121,6870509,1,0.066398041939,0.000021902926
08291969,08/29/1969,"August 29, 1969",5060130,1,0.049342387811,7899970,1,0.075959808315,0.000021902926
01071970,01/07/1970,"January 07, 1970",8509551,1,0.081575448485,4150484,1,0.040655317891,0.000021902926
03291970,03/29/1970,"March 29, 1970",4483911,1,0.043848705349,5961228,1,0.057870264660,0.000021902926
12171970,12/17/1970,"December 17, 1970",5806513,1,0.056411520468,2613746,1,0.025798843285,0.000021902926
02111971,02/11/1971,"February 11, 1971",7849605,1,0.075494298251,5690632,1,0.055317446902,0.000021902926
02211971,02/21/1971,"February 21, 1971",7430220,1,0.071608918319,7880521,1,0.075780074259,0.000021902926
06271971,06/27/1971,"June 27, 1971",7681685,1,0.073940564111,5636964,1,0.054810318593,0.000021902926
11291971,11/29/1971,"November 29, 1971",8442607,1,0.080960412505,148160,1,0.001480512973,0.000021902926
12031971,12/03/1971,"December 03, 1971",7372071,1,0.071068911194,8404904,1,0.080613841677,0.000021902926
02101972,02/10/1972,"February 10, 1972",2505355,1,0.024742324417,112076,1,0.001120142183,0.000021902926
07261972,07/26/1972,"July 26, 1972",4711336,1,0.046020761617,8723409,1,0.083537474160,0.000021902926
06171973,06/17/1973,"June 17, 1973",8714695,1,0.083457610135,6131134,1,0.059469640521,0.000021902926
05241974,05/24/1974,"May 24, 1974",9278831,1,0.088613598695,9040346,1,0.086437484994,0.000021902926
07151974,07/15/1974,"July 15, 1974",3665121,1,0.035987695421,7358427,1,0.070942159188,0.000021902926
07311974,07/31/1974,"July 31, 1974",7782522,1,0.074873904018,1698132,1,0.016837960069,0.000021902926
08261974,08/26/1974,"August 26, 1974",7947491,1,0.076398817140,7995368,1,0.076840903845,0.000021902926
10021974,10/02/1974,"October 02, 1974",8689252,1,0.083224384584,6842498,1,0.066136494063,0.000021902926
10161974,10/16/1974,"October 16, 1974",7546369,1,0.072686609302,280165,1,0.002797739041,0.000021902926
12051974,12/05/1974,"December 05, 1974",1078756,1,0.010729592939,891522,1,0.008875607262,0.000021902926
03251975,03/25/1975,"March 25, 1975",4760071,2,0.046485570132,9716370,1,0.092592558583,0.000021902926
10211975,10/21/1975,"October 21, 1975",2950422,1,0.029073229675,8329342,1,0.079918872567,0.000021902926
01031976,01/03/1976,"January 03, 1976",2753703,2,0.027161352326,4876321,1,0.047593386625,0.000021902926
02251976,02/25/1976,"February 25, 1976",5488591,1,0.053406871383,5315242,1,0.051764538571,0.000021902926
06231976,06/23/1976,"June 23, 1976",4193473,1,0.041067641947,3402974,1,0.033457250767,0.000021902926
04241977,04/24/1977,"April 24, 1977",3561721,1,0.034990391171,111517,1,0.001114558429,0.000021902926
09091977,09/09/1977,"September 09, 1977",2396195,2,0.023677151862,1866571,1,0.018492594478,0.000021902926
01071978,01/07/1978,"January 07, 1978",9206852,1,0.087957355721,6671345,1,0.064536790060,0.000021902926
02221978,02/22/1978,"February 22, 1978",7603272,1,0.073214128345,3566033,1,0.035032001489,0.000021902926
05111978,05/11/1978,"May 11, 1978",3652836,1,0.035869259234,1405396,1,0.013955674124,0.000021902926
10141978,10/14/1978,"October 14, 1978",4340183,1,0.042473460133,3611961,1,0.035475090237,0.000021902926
11301978,11/30/1978,"November 30, 1978",5926115,1,0.057539396557,5904916,1,0.057339583153,0.000021902926
02221979,02/22/1979,"February 22, 1979",7332240,1,0.070698834951,583958,1,0.005822572793,0.000021902926
04111979,04/11/1979,"April 11, 1979",738008,1,0.007352924079,3570989,1,0.035079824118,0.000021902926
09201979,09/20/1979,"September 20, 1979",8914876,1,0.085290518696,8539170,1,0.081847436374,0.000021902926
09261979,09/26/1979,"September 26, 1979",8929971,1,0.085428583672,9751516,1,0.092911419969,0.000021902926
10051979,10/05/1979,"October 05, 1979",9895519,1,0.094216714693,218905,1,0.002186665777,0.000021902926
07231980,07/23/1980,"July 23, 1980",6889043,1,0.066571059694,1372451,1,0.013630768301,0.000021902926
08011980,08/01/1980,"August 01, 1980",2555958,1,0.025235709219,2574907,1,0.025420399807,0.000021902926
11091980,11/09/1980,"November 09, 1980",6167720,1,0.059813680023,976295,1,0.009715457119,0.000021902926
02031981,02/03/1981,"February 03, 1981",8430945,1,0.080853227858,9470025,1,0.090354450097,0.000021902926
12171981,12/17/1981,"December 17, 1981",6116882,1,0.059335586581,6970987,1,0.067335635407,0.000021902926
12131982,12/13/1982,"December 13, 1982",5757060,1,0.055944772252,47527,1,0.000475167077,0.000021902926
01241983,01/24/1983,"January 24, 1983",7487840,1,0.072143703179,3434151,1,0.033758542833,0.000021902926
07091983,07/09/1983,"July 09, 1983",6641578,1,0.064258289275,2916905,1,0.028747749604,0.000021902926
01061984,01/06/1984,"January 06, 1984",6802278,1,0.065760818613,451436,1,0.004504195593,0.000021902926
01271984,01/27/1984,"January 27, 1984",4127164,1,0.040431572621,2994971,1,0.029505671515,0.000021902926
07171984,07/17/1984,"July 17, 1984",3070414,1,0.030237565442,4073304,1,0.039914609855,0.000021902926
07181984,07/18/1984,"July 18, 1984",9567244,1,0.091238368675,776674,1,0.007736666808,0.000021902926
11041984,11/04/1984,"November 04, 1984",6811909,1,0.065850790857,683425,1,0.006810959624,0.000021902926
05151985,05/15/1985,"May 15, 1985",303805,2,0.003033449796,4549480,1,0.044475438704,0.000021902926
09081985,09/08/1985,"September 08, 1985",7198503,1,0.069455184014,4504684,1,0.044047306031,0.000021902926
11251985,11/25/1985,"November 25, 1985",9036852,1,0.086405564561,9808519,1,0.093428340333,0.000021902926
01021986,01/02/1986,"January 02, 1986",8835413,1,0.084563374226,9201855,1,0.087911779811,0.000021902926
05161986,05/16/1986,"May 16, 1986",1930621,1,0.019121048693,6755462,1,0.065323342798,0.000021902926
05221986,05/22/1986,"May 22, 1986",2650519,1,0.026157020420,6267469,1,0.060751038904,0.000021902926
06251986,06/25/1986,"June 25, 1986",209017,1,0.002087997116,7098873,1,0.068527620215,0.000021902926
07221986,07/22/1986,"July 22, 1986",6863330,1,0.066331016248,2428752,1,0.023994961557,0.000021902926
03291987,03/29/1987,"March 29, 1987",1299236,1,0.012908333628,3845859,2,0.037728458414,0.000021902926
05151987,05/15/1987,"May 15, 1987",7019051,1,0.067783803500,2232270,1,0.022075402142,0.000021902926
05261987,05/26/1987,"May 26, 1987",3448164,1,0.033893932764,3367367,1,0.033113032607,0.000021902926
03231988,03/23/1988,"March 23, 1988",5975638,1,0.058006015775,288939,1,0.002885229730,0.000021902926
05141988,05/14/1988,"May 14, 1988",611919,1,0.006100515887,3387929,1,0.033311823469,0.000021902926
06281988,06/28/1988,"June 28, 1988",8730925,1,0.083606352896,5827480,1,0.056609341927,0.000021902926
08201988,08/20/1988,"August 20, 1988",5786836,1,0.056225832293,9936275,1,0.094585800515,0.000021902926
09291988,09/29/1988,"September 29, 1988",9795738,1,0.093312464004,3778033,1,0.037075566722,0.000021902926
05291989,05/29/1989,"May 29, 1989",4459216,1,0.043612554627,6387823,1,0.061880782628,0.000021902926
06281989,06/28/1989,"June 28, 1989",8331679,1,0.079940374612,1427296,1,0.014171594190,0.000021902926
11041989,11/04/1989,"November 04, 1989",8182697,1,0.078568629795,8875853,1,0.084933501956,0.000021902926
12011989,12/01/1989,"December 01, 1989",237526,1,0.002372451302,8395512,1,0.080527488873,0.000021902926
05121991,05/12/1991,"May 12, 1991",2575508,1,0.025426257013,3973003,1,0.038951151500,0.000021902926
05151991,05/15/1991,"May 15, 1991",3919481,1,0.038436641254,5168793,1,0.050374839855,0.000021902926
07071991,07/07/1991,"July 07, 1991",5271050,1,0.051345401746,7450343,1,0.071795719662,0.000021902926
11171991,11/17/1991,"November 17, 1991",3002989,1,0.029583482631,5164096,1,0.050330234913,0.000021902926
11191991,11/19/1991,"November 19, 1991",7920664,1,0.076151009410,8850189,1,0.084698629150,0.000021902926
08161992,08/16/1992,"August 16, 1992",1002579,1,0.009975709307,7291578,1,0.070320885672,0.000021902926
01281993,01/28/1993,"January 28, 1993",827797,1,0.008243811952,3075535,1,0.030287225705,0.000021902926
10241993,10/24/1993,"October 24, 1993",1018524,1,0.010133556097,185400,1,0.001852292404,0.000021902926
10311993,10/31/1993,"October 31, 1993",4803536,1,0.046899925127,1645893,2,0.016324231874,0.000021902926
11111993,11/11/1993,"November 11, 1993",5393309,1,0.052504508682,5723214,1,0.055625193237,0.000021902926
01301994,01/30/1994,"January 30, 1994",1303827,1,0.012953649966,7651042,1,0.073656748232,0.000021902926
04011994,04/01/1994,"April 01, 1994",5765120,1,0.056020860037,4286260,1,0.041956993858,0.000021902926
04241994,04/24/1994,"April 24, 1994",5715320,1,0.055550641346,9158587,1,0.087517052086,0.000021902926
08041994,08/04/1994,"August 04, 1994",3206980,1,0.031561027317,1718565,1,0.017038829048,0.000021902926
08111994,08/11/1994,"August 11, 1994",148393,1,0.001482839520,4817021,1,0.047028442008,0.000021902926
11251994,11/25/1994,"November 25, 1994",1049938,1,0.010444463908,5416704,1,0.052726149327,0.000021902926
12141994,12/14/1994,"December 14, 1994",8259688,1,0.079277776004,73826,1,0.000737997553,0.000021902926
04191995,04/19/1995,"April 19, 1995",18727,1,0.000187262466,333041,1,0.003324880336,0.000021902926
04281995,04/28/1995,"April 28, 1995",6288927,1,0.060952561326,5355526,1,0.052146448819,0.000021902926
05161995,05/16/1995,"May 16, 1995",9832900,1,0.093649344629,6865922,1,0.066355216635,0.000021902926
08091995,08/09/1995,"August 09, 1995",6123417,1,0.059397056992,7598479,1,0.073169706433,0.000021902926
04211996,04/21/1996,"April 21, 1996",5044291,1,0.049191801225,3376785,1,0.033204089735,0.000021902926
07121996,07/12/1996,"July 12, 1996",1767592,1,0.017520627311,2841819,1,0.028018201271,0.000021902926
08241996,08/24/1996,"August 24, 1996",5471367,1,0.053243816139,5415645,1,0.052716117644,0.000021902926
09201996,09/20/1996,"September 20, 1996",5592359,1,0.054388622690,4000129,1,0.039211810258,0.000021902926
12061996,12/06/1996,"December 06, 1996",3371815,1,0.033156038784,7842505,1,0.075428656015,0.000021902926
01011997,01/01/1997,"January 01, 1997",1724445,1,0.017096625466,3593899,1,0.035300862012,0.000021902926
11281997,11/28/1997,"November 28, 1997",425814,1,0.004249096976,8808411,1,0.084316154650,0.000021902926
01041998,01/04/1998,"January 04, 1998",4345361,1,0.042523039574,3046594,1,0.030006540514,0.000021902926
07081998,07/08/1998,"July 08, 1998",9598531,1,0.091522648456,1828086,1,0.018114788654,0.000021902926
11151998,11/15/1998,"November 15, 1998",8682510,1,0.083162573488,9396077,1,0.089681536627,0.000021902926
12121998,12/12/1998,"December 12, 1998",8402307,1,0.080589964908,1567000,1,0.015547874337,0.000021902926
05231999,05/23/1999,"May 23, 1999",9367705,1,0.089423224427,8526075,1,0.081727196422,0.000021902926
11031999,11/03/1999,"November 03, 1999",4204428,1,0.041172687234,7937301,1,0.076304697383,0.000021902926
11081999,11/08/1999,"November 08, 1999",899053,1,0.008950246030,5185730,1,0.050535664250,0.000021902926
11161999,11/16/1999,"November 16, 1999",4232779,1,0.041444485837,5469878,1,0.053229718834,0.000021902926
12031999,12/03/1999,"December 03, 1999",7324023,1,0.070622471136,9676686,1,0.092232391551,0.000021902926
12091999,12/09/1999,"December 09, 1999",7476692,1,0.072040259992,310902,1,0.003104202002,0.000021902926
06152000,06/15/2000,"June 15, 2000",1309331,1,0.013007975503,9568513,1,0.091249900787,0.000021902926
03022001,03/02/2001,"March 02, 2001",9666442,1,0.092139395073,3713865,1,0.036457479079,0.000021902926
08152001,08/15/2001,"August 15, 2001",3735606,1,0.036666940090,6471526,1,0.062665688024,0.000021902926
12202001,12/20/2001,"December 20, 2001",2256589,1,0.022313194711,6818806,1,0.065915216907,0.000021902926
01292002,01/29/2002,"January 29, 2002",9050140,1,0.086526954926,8846561,1,0.084665421414,0.000021902926
12232002,12/23/2002,"December 23, 2002",1075273,1,0.010695136050,9234083,1,0.088205680244,0.000021902926
09132003,09/13/2003,"September 13, 2003",5027719,1,0.049034220232,4947108,2,0.048267328142,0.000021902926
10012003,10/01/2003,"October 01, 2003",750455,1,0.007476471173,4691070,1,0.045827408591,0.000021902926
12152003,12/15/2003,"December 15, 2003",4902930,1,0.047846778789,8324816,1,0.079877228753,0.000021902926
01172004,01/17/2004,"January 17, 2004",3849107,1,0.037759712486,6420250,1,0.062184937233,0.000021902926
03272004,03/27/2004,"March 27, 2004",7344205,1,0.070810019185,5910339,1,0.057390702242,0.000021902926
05302004,05/30/2004,"May 30, 2004",2779588,1,0.027413139024,45484,1,0.000454746576,0.000021902926
08072004,08/07/2004,"August 07, 2004",563381,1,0.005617979853,2316287,1,0.022896680004,0.000021902926
09042004,09/04/2004,"September 04, 2004",5853903,1,0.056858581114,4525903,1,0.044250128116,0.000021902926
10162004,10/16/2004,"October 16, 2004",9635528,1,0.091858695657,1650927,1,0.016373748866,0.000021902926
07152005,07/15/2005,"July 15, 2005",5144392,1,0.050143093544,9517750,1,0.090788474863,0.000021902926
08262005,08/26/2005,"August 26, 2005",7981083,1,0.076709021148,2288811,1,0.022628174208,0.000021902926
09232005,09/23/2005,"September 23, 2005",6635603,1,0.064202377037,8835639,1,0.084565443110,0.000021902926
11242005,11/24/2005,"November 24, 2005",1495000,1,0.014838813568,7260459,1,0.070031533806,0.000021902926
12122005,12/12/2005,"December 12, 2005",1085492,1,0.010796227950,7970916,1,0.076615145381,0.000021902926
01312006,01/31/2006,"January 31, 2006",9670220,1,0.092173693399,8703886,1,0.083358535713,0.000021902926
03082006,03/08/2006,"March 08, 2006",698954,1,0.006965179977,2422583,1,0.023934749949,0.000021902926
07092006,07/09/2006,"July 09, 2006",5876724,1,0.057073790861,745414,1,0.007426436800,0.000021902926
09072006,09/07/2006,"September 07, 2006",6878353,1,0.066471270805,4866712,1,0.047501865476,0.000021902926
09202006,09/20/2006,"September 20, 2006",4526041,1,0.044251447050,4943490,1,0.048232893830,0.000021902926
12142006,12/14/2006,"December 14, 2006",8686251,1,0.083196871735,9556212,1,0.091138108561,0.000021902926
03292007,03/29/2007,"March 29, 2007",7308744,1,0.070480460693,1328552,1,0.013197667011,0.000021902926
05272007,05/27/2007,"May 27, 2007",3480668,1,0.034207904854,2752230,1,0.027147022307,0.000021902926
01082008,01/08/2008,"January 08, 2008",4409286,2,0.043134911137,5532373,1,0.053821218079,0.000021902926
02282008,02/28/2008,"February 28, 2008",8803460,1,0.084270818020,4319527,1,0.042275653020,0.000021902926
04142008,04/14/2008,"April 14, 2008",3999617,1,0.039206891010,5380875,1,0.052386689767,0.000021902926
07192008,07/19/2008,"July 19, 2008",3728494,1,0.036598425406,563677,1,0.005620923220,0.000021902926
08172008,08/17/2008,"August 17, 2008",1421668,1,0.014116110205,6151916,1,0.059665081234,0.000021902926
10042008,10/04/2008,"October 04, 2008",5600842,1,0.054468835502,7809552,1,0.075123931812,0.000021902926
11112008,11/11/2008,"November 11, 2008",2182688,1,0.021590407337,8249030,1,0.079179640199,0.000021902926
05102009,05/10/2009,"May 10, 2009",9110128,1,0.087074764815,8729731,1,0.083595411090,0.000021902926
11042009,11/04/2009,"November 04, 2009",4586412,1,0.044828267881,2883061,1,0.028418983358,0.000021902926
06122010,06/12/2010,"June 12, 2010",3165955,1,0.031163643716,1970114,1,0.019508350738,0.000021902926
08192010,08/19/2010,"August 19, 2010",3297429,1,0.032436574670,8301412,1,0.079661858016,0.000021902926
09202010,09/20/2010,"September 20, 2010",1644525,1,0.016310775097,9237203,1,0.088234127783,0.000021902926
08062011,08/06/2011,"August 06, 2011",6769747,1,0.065456851823,5405575,1,0.052620721353,0.000021902926
02282012,02/28/2012,"February 28, 2012",2255569,1,0.022303222255,2250728,1,0.022255890808,0.000021902926
04132012,04/13/2012,"April 13, 2012",3468324,1,0.034088680118,2565420,1,0.025327937054,0.000021902926
09272012,09/27/2012,"September 27, 2012",1036074,1,0.010307262416,5594787,1,0.054411581856,0.000021902926
01082013,01/08/2013,"January 08, 2013",6991565,1,0.067527539337,5861491,1,0.056930143970,0.000021902926
05032014,05/03/2014,"May 03, 2014",9667971,1,0.092153276156,323867,1,0.003233441165,0.000021902926
08012014,08/01/2014,"August 01, 2014",7956033,1,0.076477707784,9966408,1,0.094858587877,0.000021902926
03112015,03/11/2015,"March 11, 2015",8453362,1,0.081059249899,102545,1,0.001024934406,0.000021902926
04282015,04/28/2015,"April 28, 2015",6419577,1,0.062178625716,3726723,1,0.036581363413,0.000021902926
05112015,05/11/2015,"May 11, 2015",9558534,1,0.091159212089,1426491,1,0.014163658239,0.000021902926
12182015,12/18/2015,"December 18, 2015",848555,1,0.008449659338,7554155,1,0.072758807113,0.000021902926
12272015,12/27/2015,"December 27, 2015",7471359,1,0.071990770579,7671048,1,0.073842053928,0.000021902926
07112016,07/11/2016,"July 11, 2016",6284760,1,0.060913430404,4830913,1,0.047160819623,0.000021902926
10112016,10/11/2016,"October 11, 2016",3366781,1,0.033107366633,7205998,1,0.069524925735,0.000021902926
11172016,11/17/2016,"November 17, 2016",612089,1,0.006102205515,3985461,1,0.039070871509,0.000021902926
01102017,01/10/2017,"January 10, 2017",1513902,1,0.015025011139,6628635,1,0.064137168386,0.000021902926
02032017,02/03/2017,"February 03, 2017",9756131,1,0.092953281142,6588130,1,0.063758020360,0.000021902926
04022017,04/02/2017,"April 02, 2017",2619601,1,0.025855881094,729461,1,0.007268078907,0.000021902926
06242017,06/24/2017,"June 24, 2017",5585971,1,0.054328215105,5188762,1,0.050564451572,0.000021902926
11062017,11/06/2017,"November 06, 2017",5263486,1,0.051273642798,8344130,1,0.080054924106,0.000021902926
12122017,12/12/2017,"December 12, 2017",1129311,1,0.011229592200,4832190,1,0.047172987302,0.000021902926
02042018,02/04/2018,"February 04, 2018",3299233,1,0.032454029357,1727081,1,0.017122534458,0.000021902926
10142018,10/14/2018,"October 14, 2018",7256719,1,0.069996752334,6555904,2,0.063456258397,0.000021902926
09212019,09/21/2019,"September 21, 2019",8692067,1,0.083250191455,5384,1,0.000053848551,0.000021902926
01272020,01/27/2020,"January 27, 2020",5586297,1,0.054331297990,7647796,2,0.073626678642,0.000021902926
08112020,08/11/2020,"August 11, 2020",5020365,1,0.048964283637,1280056,1,0.012718991287,0.000021902926
09282020,09/28/2020,"September 28, 2020",8420393,1,0.080756234372,1296306,1,0.012879411418,0.000021902926
12032020,12/03/2020,"December 03, 2020",8478402,1,0.081289323859,5280916,1,0.051438991393,0.000021902926
03272021,03/27/2021,"March 27, 2021",8105650,1,0.077858420998,5763189,1,0.056002631624,0.000021902926
07042021,07/04/2021,"July 04, 2021",6384676,1,0.061851259551,4073524,1,0.039916722041,0.000021902926
12032021,12/03/2021,"December 03, 2021",9181048,1,0.087721981868,1606562,1,0.015937266260,0.000021902926
01222022,01/22/2022,"January 22, 2022",9064913,1,0.086661892333,7706602,1,0.074171281597,0.000021902926
04252022,04/25/2022,"April 25, 2022",5346311,1,0.052059100088,449717,1,0.004487082873,0.000021902926
04262022,04/26/2022,"April 26, 2022",218840,1,0.002186017199,5050887,1,0.049254514466,0.000021902926
10192022,10/19/2022,"October 19, 2022",9936707,1,0.094589711896,3036507,1,0.029908692338,0.000021902926
01052023,01/05/2023,"January 05, 2023",1484639,1,0.014736735728,6342076,1,0.061451523046,0.000021902926
02022023,02/02/2023,"February 02, 2023",611908,1,0.006100406558,1164878,1,0.011581205642,0.000021902926
01172024,01/17/2024,"January 17, 2024",6140848,1,0.059560999204,9602420,1,0.091557978453,0.000021902926
02182024,02/18/2024,"February 18, 2024",4767980,1,0.046560980607,2812974,1,0.027737792679,0.000021902926
03122024,03/12/2024,"March 12, 2024",8846295,1,0.084662986621,7530861,1,0.072542790389,0.000021902926
04082024,04/08/2024,"April 08, 2024",5046699,1,0.049214696411,8587286,1,0.082289108400,0.000021902926
04252024,04/25/2024,"April 25, 2024",1535338,1,0.015236127751,2284310,1,0.022584181711,0.000021902926
08312024,08/31/2024,"August 31, 2024",8672019,1,0.083066383027,3660521,1,0.035943349835,0.000021902926
