pi_digits_20241026_163411_Birthday (MMDDYYYY),pi_digits_20241026_163411_Birthday (MM/DD/YYYY),"pi_digits_20241026_163411_Birthday (Month Day, Year)",pi_digits_20241026_163411_FirstIdx,pi_digits_20241026_163411_Count,pi_digits_20241026_163411_Odds (by position),pi_digits_20241026_163411_Padded,e_digits_FirstIdx,e_digits_Count,e_digits_Odds (by position),e_digits_Padded,PaddedInEither
12191910,12/19/1910,"December 19, 1910",9958733,1,0.094789115607,True,8540146,1,0.081856397499,False,True
06211912,06/21/1912,"June 21, 1912",6720164,1,0.064993362393,True,5426375,2,0.052817755753,False,True
02121924,02/12/1924,"February 12, 1924",1182225,1,0.011752651781,False,6153863,1,0.059683389376,True,True
03111924,03/11/1924,"March 11, 1924",7002758,1,0.067631905139,True,105217,1,0.001051626663,False,True
09241929,09/24/1929,"September 24, 1929",514247,1,0.005129280137,True,6375624,1,0.061766334483,False,True
06161934,06/16/1934,"June 16, 1934",4193201,1,0.041065033647,True,9834381,1,0.093662767583,False,True
01271984,01/27/1984,"January 27, 1984",2994971,1,0.029505671515,False,4127163,1,0.040431563025,True,True
05151991,05/15/1991,"May 15, 1991",5168792,1,0.050374830358,True,3919481,1,0.038436641254,False,True
04241994,04/24/1994,"April 24, 1994",9158587,1,0.087517052086,False,5715319,1,0.055550631902,True,True
12142006,12/14/2006,"December 14, 2006",9556211,1,0.091138099472,True,8686251,1,0.083196871735,False,True
09202010,09/20/2010,"September 20, 2010",9237203,1,0.088234127783,False,1644524,1,0.016310765260,True,True
